INFO 2026-02-18 16:26:29,015 autoreload 18368 23296 Watching for file changes with StatReloader
INFO 2026-02-18 16:26:34,824 log 18368 16192 "GET / HTTP/1.1" 200 2562
INFO 2026-02-18 16:26:34,835 log 18368 16192 "GET /static/css/output.css HTTP/1.1" 304 0
INFO 2026-02-18 16:28:02,291 autoreload 18368 23296 C:\Users\OZDEN\Desktop\veresiye\veresiye\main\views.py changed, reloading.
INFO 2026-02-18 16:28:02,677 autoreload 8256 25404 Watching for file changes with StatReloader
INFO 2026-02-18 16:28:05,897 autoreload 8256 25404 C:\Users\OZDEN\Desktop\veresiye\veresiye\main\urls.py changed, reloading.
INFO 2026-02-18 16:28:06,292 autoreload 11188 18776 Watching for file changes with StatReloader
INFO 2026-02-18 16:28:19,682 autoreload 11188 18776 C:\Users\OZDEN\Desktop\veresiye\veresiye\main\views.py changed, reloading.
INFO 2026-02-18 16:28:20,052 autoreload 17644 3408 Watching for file changes with StatReloader
INFO 2026-02-18 16:28:25,316 autoreload 17644 3408 C:\Users\OZDEN\Desktop\veresiye\veresiye\main\urls.py changed, reloading.
INFO 2026-02-18 16:28:25,697 autoreload 21672 13356 Watching for file changes with StatReloader
INFO 2026-02-18 16:28:37,067 autoreload 21672 13356 C:\Users\OZDEN\Desktop\veresiye\veresiye\main\views.py changed, reloading.
INFO 2026-02-18 16:28:37,447 autoreload 20612 14764 Watching for file changes with StatReloader
INFO 2026-02-18 16:28:42,707 autoreload 20612 14764 C:\Users\OZDEN\Desktop\veresiye\veresiye\main\views.py changed, reloading.
INFO 2026-02-18 16:28:43,089 autoreload 10880 12988 Watching for file changes with StatReloader
INFO 2026-02-18 16:28:51,408 autoreload 10880 12988 C:\Users\OZDEN\Desktop\veresiye\veresiye\main\views.py changed, reloading.
INFO 2026-02-18 16:28:51,784 autoreload 18396 14364 Watching for file changes with StatReloader
ERROR 2026-02-18 16:28:54,906 log 18396 11616 Internal Server Error: /
Traceback (most recent call last):
  File "C:\Users\OZDEN\Desktop\veresiye\my_env\Lib\site-packages\django\template\base.py", line 577, in parse
    compile_func = self.tags[command]
                   ~~~~~~~~~^^^^^^^^^
KeyError: 'endblock'

During handling of the above exception, another exception occurred:

Traceback (most recent call last):
  File "C:\Users\OZDEN\Desktop\veresiye\my_env\Lib\site-packages\django\core\handlers\exception.py", line 55, in inner
    response = get_response(request)
  File "C:\Users\OZDEN\Desktop\veresiye\my_env\Lib\site-packages\django\core\handlers\base.py", line 198, in _get_response
    response = wrapped_callback(request, *callback_args, **callback_kwargs)
  File "C:\Users\OZDEN\Desktop\veresiye\my_env\Lib\site-packages\django\contrib\auth\decorators.py", line 59, in _view_wrapper
    return view_func(request, *args, **kwargs)
  File "C:\Users\OZDEN\Desktop\veresiye\veresiye\main\views.py", line 33, in home
    return render(request, 'home.html', {'transactions': transactions})
  File "C:\Users\OZDEN\Desktop\veresiye\my_env\Lib\site-packages\django\shortcuts.py", line 25, in render
    content = loader.render_to_string(template_name, context, request, using=using)
  File "C:\Users\OZDEN\Desktop\veresiye\my_env\Lib\site-packages\django\template\loader.py", line 62, in render_to_string
    return template.render(context, request)
           ~~~~~~~~~~~~~~~^^^^^^^^^^^^^^^^^^
  File "C:\Users\OZDEN\Desktop\veresiye\my_env\Lib\site-packages\django\template\backends\django.py", line 107, in render
    return self.template.render(context)
           ~~~~~~~~~~~~~~~~~~~~^^^^^^^^^
  File "C:\Users\OZDEN\Desktop\veresiye\my_env\Lib\site-packages\django\template\base.py", line 174, in render
    return self._render(context)
           ~~~~~~~~~~~~^^^^^^^^^
  File "C:\Users\OZDEN\Desktop\veresiye\my_env\Lib\site-packages\django\template\base.py", line 166, in _render
    return self.nodelist.render(context)
           ~~~~~~~~~~~~~~~~~~~~^^^^^^^^^
  File "C:\Users\OZDEN\Desktop\veresiye\my_env\Lib\site-packages\django\template\base.py", line 1091, in render
    return SafeString("".join([node.render_annotated(context) for node in self]))
                               ~~~~~~~~~~~~~~~~~~~~~^^^^^^^^^
  File "C:\Users\OZDEN\Desktop\veresiye\my_env\Lib\site-packages\django\template\base.py", line 1052, in render_annotated
    return self.render(context)
           ~~~~~~~~~~~^^^^^^^^^
  File "C:\Users\OZDEN\Desktop\veresiye\my_env\Lib\site-packages\django\template\loader_tags.py", line 135, in render
    compiled_parent = self.get_parent(context)
  File "C:\Users\OZDEN\Desktop\veresiye\my_env\Lib\site-packages\django\template\loader_tags.py", line 132, in get_parent
    return self.find_template(parent, context)
           ~~~~~~~~~~~~~~~~~~^^^^^^^^^^^^^^^^^
  File "C:\Users\OZDEN\Desktop\veresiye\my_env\Lib\site-packages\django\template\loader_tags.py", line 110, in find_template
    template, origin = context.template.engine.find_template(
                       ~~~~~~~~~~~~~~~~~~~~~~~~~~~~~~~~~~~~~^
        template_name,
        ^^^^^^^^^^^^^^
        skip=history,
        ^^^^^^^^^^^^^
    )
    ^
  File "C:\Users\OZDEN\Desktop\veresiye\my_env\Lib\site-packages\django\template\engine.py", line 159, in find_template
    template = loader.get_template(name, skip=skip)
  File "C:\Users\OZDEN\Desktop\veresiye\my_env\Lib\site-packages\django\template\loaders\cached.py", line 57, in get_template
    template = super().get_template(template_name, skip)
  File "C:\Users\OZDEN\Desktop\veresiye\my_env\Lib\site-packages\django\template\loaders\base.py", line 28, in get_template
    return Template(
        contents,
    ...<2 lines>...
        self.engine,
    )
  File "C:\Users\OZDEN\Desktop\veresiye\my_env\Lib\site-packages\django\template\base.py", line 157, in __init__
    self.nodelist = self.compile_nodelist()
                    ~~~~~~~~~~~~~~~~~~~~~^^
  File "C:\Users\OZDEN\Desktop\veresiye\my_env\Lib\site-packages\django\template\base.py", line 199, in compile_nodelist
    nodelist = parser.parse()
  File "C:\Users\OZDEN\Desktop\veresiye\my_env\Lib\site-packages\django\template\base.py", line 579, in parse
    self.invalid_block_tag(token, command, parse_until)
    ~~~~~~~~~~~~~~~~~~~~~~^^^^^^^^^^^^^^^^^^^^^^^^^^^^^
  File "C:\Users\OZDEN\Desktop\veresiye\my_env\Lib\site-packages\django\template\base.py", line 644, in invalid_block_tag
    raise self.error(
    ...<3 lines>...
    )
django.template.exceptions.TemplateSyntaxError: Template: C:\Users\OZDEN\Desktop\veresiye\veresiye\main\templates\base.html, Invalid block tag on line 49: 'endblock'. Did you forget to register or load this tag?
ERROR 2026-02-18 16:28:54,909 log 18396 11616 "GET / HTTP/1.1" 500 174627
ERROR 2026-02-18 16:29:12,259 log 18396 11616 Internal Server Error: /
Traceback (most recent call last):
  File "C:\Users\OZDEN\Desktop\veresiye\my_env\Lib\site-packages\django\template\base.py", line 577, in parse
    compile_func = self.tags[command]
                   ~~~~~~~~~^^^^^^^^^
KeyError: 'endblock'

During handling of the above exception, another exception occurred:

Traceback (most recent call last):
  File "C:\Users\OZDEN\Desktop\veresiye\my_env\Lib\site-packages\django\core\handlers\exception.py", line 55, in inner
    response = get_response(request)
  File "C:\Users\OZDEN\Desktop\veresiye\my_env\Lib\site-packages\django\core\handlers\base.py", line 198, in _get_response
    response = wrapped_callback(request, *callback_args, **callback_kwargs)
  File "C:\Users\OZDEN\Desktop\veresiye\my_env\Lib\site-packages\django\contrib\auth\decorators.py", line 59, in _view_wrapper
    return view_func(request, *args, **kwargs)
  File "C:\Users\OZDEN\Desktop\veresiye\veresiye\main\views.py", line 33, in home
    return render(request, 'home.html', {'transactions': transactions})
  File "C:\Users\OZDEN\Desktop\veresiye\my_env\Lib\site-packages\django\shortcuts.py", line 25, in render
    content = loader.render_to_string(template_name, context, request, using=using)
  File "C:\Users\OZDEN\Desktop\veresiye\my_env\Lib\site-packages\django\template\loader.py", line 62, in render_to_string
    return template.render(context, request)
           ~~~~~~~~~~~~~~~^^^^^^^^^^^^^^^^^^
  File "C:\Users\OZDEN\Desktop\veresiye\my_env\Lib\site-packages\django\template\backends\django.py", line 107, in render
    return self.template.render(context)
           ~~~~~~~~~~~~~~~~~~~~^^^^^^^^^
  File "C:\Users\OZDEN\Desktop\veresiye\my_env\Lib\site-packages\django\template\base.py", line 174, in render
    return self._render(context)
           ~~~~~~~~~~~~^^^^^^^^^
  File "C:\Users\OZDEN\Desktop\veresiye\my_env\Lib\site-packages\django\template\base.py", line 166, in _render
    return self.nodelist.render(context)
           ~~~~~~~~~~~~~~~~~~~~^^^^^^^^^
  File "C:\Users\OZDEN\Desktop\veresiye\my_env\Lib\site-packages\django\template\base.py", line 1091, in render
    return SafeString("".join([node.render_annotated(context) for node in self]))
                               ~~~~~~~~~~~~~~~~~~~~~^^^^^^^^^
  File "C:\Users\OZDEN\Desktop\veresiye\my_env\Lib\site-packages\django\template\base.py", line 1052, in render_annotated
    return self.render(context)
           ~~~~~~~~~~~^^^^^^^^^
  File "C:\Users\OZDEN\Desktop\veresiye\my_env\Lib\site-packages\django\template\loader_tags.py", line 135, in render
    compiled_parent = self.get_parent(context)
  File "C:\Users\OZDEN\Desktop\veresiye\my_env\Lib\site-packages\django\template\loader_tags.py", line 132, in get_parent
    return self.find_template(parent, context)
           ~~~~~~~~~~~~~~~~~~^^^^^^^^^^^^^^^^^
  File "C:\Users\OZDEN\Desktop\veresiye\my_env\Lib\site-packages\django\template\loader_tags.py", line 110, in find_template
    template, origin = context.template.engine.find_template(
                       ~~~~~~~~~~~~~~~~~~~~~~~~~~~~~~~~~~~~~^
        template_name,
        ^^^^^^^^^^^^^^
        skip=history,
        ^^^^^^^^^^^^^
    )
    ^
  File "C:\Users\OZDEN\Desktop\veresiye\my_env\Lib\site-packages\django\template\engine.py", line 159, in find_template
    template = loader.get_template(name, skip=skip)
  File "C:\Users\OZDEN\Desktop\veresiye\my_env\Lib\site-packages\django\template\loaders\cached.py", line 57, in get_template
    template = super().get_template(template_name, skip)
  File "C:\Users\OZDEN\Desktop\veresiye\my_env\Lib\site-packages\django\template\loaders\base.py", line 28, in get_template
    return Template(
        contents,
    ...<2 lines>...
        self.engine,
    )
  File "C:\Users\OZDEN\Desktop\veresiye\my_env\Lib\site-packages\django\template\base.py", line 157, in __init__
    self.nodelist = self.compile_nodelist()
                    ~~~~~~~~~~~~~~~~~~~~~^^
  File "C:\Users\OZDEN\Desktop\veresiye\my_env\Lib\site-packages\django\template\base.py", line 199, in compile_nodelist
    nodelist = parser.parse()
  File "C:\Users\OZDEN\Desktop\veresiye\my_env\Lib\site-packages\django\template\base.py", line 579, in parse
    self.invalid_block_tag(token, command, parse_until)
    ~~~~~~~~~~~~~~~~~~~~~~^^^^^^^^^^^^^^^^^^^^^^^^^^^^^
  File "C:\Users\OZDEN\Desktop\veresiye\my_env\Lib\site-packages\django\template\base.py", line 644, in invalid_block_tag
    raise self.error(
    ...<3 lines>...
    )
django.template.exceptions.TemplateSyntaxError: Template: C:\Users\OZDEN\Desktop\veresiye\veresiye\main\templates\base.html, Invalid block tag on line 49: 'endblock'. Did you forget to register or load this tag?
ERROR 2026-02-18 16:29:12,261 log 18396 11616 "GET / HTTP/1.1" 500 174627
INFO 2026-02-18 16:30:54,894 log 18396 11616 "GET / HTTP/1.1" 200 3618
INFO 2026-02-18 16:30:54,926 log 18396 11616 "GET /static/css/output.css HTTP/1.1" 200 87405
INFO 2026-02-18 16:30:58,365 log 18396 11616 "GET /transaction/form/ HTTP/1.1" 200 3044
INFO 2026-02-18 16:31:00,851 log 18396 11616 "GET /transaction/form/ HTTP/1.1" 200 3044
INFO 2026-02-18 16:31:01,347 log 18396 11616 "GET /transaction/form/ HTTP/1.1" 200 3044
INFO 2026-02-18 16:31:01,707 log 18396 11616 "GET /transaction/form/ HTTP/1.1" 200 3044
INFO 2026-02-18 16:31:07,262 log 18396 11616 "GET / HTTP/1.1" 200 3618
INFO 2026-02-18 16:31:09,203 log 18396 11616 "GET /transaction/form/ HTTP/1.1" 200 3044
INFO 2026-02-18 16:31:09,803 log 18396 11616 "GET /transaction/form/ HTTP/1.1" 200 3044
INFO 2026-02-18 16:31:11,243 log 18396 11616 "GET /transaction/form/ HTTP/1.1" 200 3044
INFO 2026-02-18 16:31:35,465 log 18396 11616 "GET /transaction/form/ HTTP/1.1" 200 3044
INFO 2026-02-18 16:32:15,592 autoreload 18396 14364 C:\Users\OZDEN\Desktop\veresiye\veresiye\main\views.py changed, reloading.
INFO 2026-02-18 16:32:15,976 autoreload 8632 18164 Watching for file changes with StatReloader
INFO 2026-02-18 16:32:34,474 autoreload 8632 18164 C:\Users\OZDEN\Desktop\veresiye\veresiye\main\views.py changed, reloading.
INFO 2026-02-18 16:32:34,849 autoreload 20288 18328 Watching for file changes with StatReloader
INFO 2026-02-18 16:33:07,316 log 20288 25584 "GET / HTTP/1.1" 200 3658
INFO 2026-02-18 16:33:07,324 log 20288 25584 "GET /static/css/output.css HTTP/1.1" 304 0
INFO 2026-02-18 16:33:09,504 log 20288 25584 "GET /transaction/form/ HTTP/1.1" 200 2993
INFO 2026-02-18 16:33:10,191 log 20288 25584 "GET /transaction/form/ HTTP/1.1" 200 2993
INFO 2026-02-18 16:33:10,423 log 20288 25584 "GET /transaction/form/ HTTP/1.1" 200 2993
INFO 2026-02-18 16:33:10,683 log 20288 25584 "GET /transaction/form/ HTTP/1.1" 200 2993
INFO 2026-02-18 16:33:36,752 autoreload 18156 22412 Watching for file changes with StatReloader
INFO 2026-02-18 16:33:54,138 log 18156 20140 "GET / HTTP/1.1" 200 3658
INFO 2026-02-18 16:33:54,153 log 18156 20140 "GET /static/css/output.css HTTP/1.1" 304 0
INFO 2026-02-18 16:33:55,837 log 18156 20140 "GET /transaction/form/ HTTP/1.1" 200 2993
INFO 2026-02-18 16:49:45,624 log 18156 13496 "GET /transaction/form/ HTTP/1.1" 200 2993
INFO 2026-02-18 16:49:46,143 log 18156 13496 "GET /transaction/form/ HTTP/1.1" 200 2993
INFO 2026-02-18 16:49:46,375 log 18156 13496 "GET /transaction/form/ HTTP/1.1" 200 2993
INFO 2026-02-18 16:50:17,303 log 18156 13496 "GET /transaction/form/ HTTP/1.1" 200 2993
INFO 2026-02-18 16:51:52,836 log 18156 13496 "GET / HTTP/1.1" 200 3658
INFO 2026-02-18 16:51:52,848 log 18156 13496 "GET /static/css/output.css HTTP/1.1" 304 0
INFO 2026-02-18 16:51:57,191 log 18156 13496 "GET /transaction/form/ HTTP/1.1" 200 3007
INFO 2026-02-18 16:51:57,695 log 18156 13496 "GET /transaction/form/ HTTP/1.1" 200 3007
INFO 2026-02-18 17:03:54,351 autoreload 16560 24808 Watching for file changes with StatReloader
INFO 2026-02-18 17:03:58,050 log 16560 15540 "GET / HTTP/1.1" 200 3844
INFO 2026-02-18 17:03:58,083 log 16560 15540 "GET /static/css/output.css HTTP/1.1" 200 87551
INFO 2026-02-18 17:04:00,280 log 16560 15540 "GET /transaction/form/ HTTP/1.1" 200 3176
INFO 2026-02-18 17:04:38,094 log 16560 15540 "POST /transaction/create/ HTTP/1.1" 201 0
INFO 2026-02-18 17:04:43,076 log 16560 15540 "GET /transaction/form/ HTTP/1.1" 200 3176
INFO 2026-02-18 17:04:56,712 log 16560 15540 "POST /transaction/create/ HTTP/1.1" 201 0
INFO 2026-02-18 17:04:59,469 log 16560 15540 "GET / HTTP/1.1" 200 5673
INFO 2026-02-18 17:05:07,516 log 16560 15540 "GET /transaction/2/edit/ HTTP/1.1" 200 3203
INFO 2026-02-18 17:05:12,253 log 16560 15540 "POST /transaction/2/update/ HTTP/1.1" 200 0
INFO 2026-02-18 17:05:19,096 log 16560 15540 "GET / HTTP/1.1" 200 5671
INFO 2026-02-18 17:05:19,104 log 16560 15540 "GET /static/css/output.css HTTP/1.1" 304 0
INFO 2026-02-18 17:06:23,110 autoreload 16560 24808 C:\Users\OZDEN\Desktop\veresiye\veresiye\main\views.py changed, reloading.
INFO 2026-02-18 17:06:23,545 autoreload 19248 25388 Watching for file changes with StatReloader
INFO 2026-02-18 17:06:29,855 autoreload 19248 25388 C:\Users\OZDEN\Desktop\veresiye\veresiye\main\views.py changed, reloading.
INFO 2026-02-18 17:06:30,276 autoreload 21824 21224 Watching for file changes with StatReloader
INFO 2026-02-18 17:06:34,536 autoreload 21824 21224 C:\Users\OZDEN\Desktop\veresiye\veresiye\main\views.py changed, reloading.
INFO 2026-02-18 17:06:34,965 autoreload 23256 24612 Watching for file changes with StatReloader
INFO 2026-02-18 17:06:41,255 autoreload 23256 24612 C:\Users\OZDEN\Desktop\veresiye\veresiye\main\urls.py changed, reloading.
INFO 2026-02-18 17:06:41,683 autoreload 6008 12204 Watching for file changes with StatReloader
INFO 2026-02-18 17:06:44,693 log 6008 17092 "GET / HTTP/1.1" 200 5208
INFO 2026-02-18 17:06:44,720 log 6008 17092 "GET /static/css/output.css HTTP/1.1" 200 89391
INFO 2026-02-18 17:06:48,008 log 6008 17092 "GET /transaction/form/ HTTP/1.1" 200 3176
INFO 2026-02-18 17:06:58,630 log 6008 17092 "POST /transaction/create/ HTTP/1.1" 201 0
INFO 2026-02-18 17:08:07,119 autoreload 6008 12204 C:\Users\OZDEN\Desktop\veresiye\veresiye\main\views.py changed, reloading.
INFO 2026-02-18 17:08:07,558 autoreload 24320 21300 Watching for file changes with StatReloader
INFO 2026-02-18 17:08:45,496 autoreload 24320 21300 C:\Users\OZDEN\Desktop\veresiye\veresiye\main\views.py changed, reloading.
INFO 2026-02-18 17:08:45,928 autoreload 21280 20452 Watching for file changes with StatReloader
INFO 2026-02-18 17:08:52,282 autoreload 21280 20452 C:\Users\OZDEN\Desktop\veresiye\veresiye\main\views.py changed, reloading.
INFO 2026-02-18 17:08:52,695 autoreload 16488 17012 Watching for file changes with StatReloader
INFO 2026-02-18 17:08:57,042 log 16488 24076 "GET / HTTP/1.1" 200 5982
INFO 2026-02-18 17:08:57,076 log 16488 24076 "GET /static/css/output.css HTTP/1.1" 200 89727
INFO 2026-02-18 17:08:59,017 log 16488 24076 "GET /transaction/form/ HTTP/1.1" 200 4232
INFO 2026-02-18 17:09:07,321 log 16488 24076 "POST /transaction/create/ HTTP/1.1" 201 755
INFO 2026-02-18 17:09:10,561 log 16488 24076 "POST /transaction/create/ HTTP/1.1" 201 755
INFO 2026-02-18 17:09:11,093 log 16488 24076 "POST /transaction/create/ HTTP/1.1" 201 755
INFO 2026-02-18 17:09:11,326 log 16488 24076 "POST /transaction/create/ HTTP/1.1" 201 755
INFO 2026-02-18 17:09:11,533 log 16488 24076 "POST /transaction/create/ HTTP/1.1" 201 755
INFO 2026-02-18 17:09:17,629 log 16488 24076 "POST /transaction/create/ HTTP/1.1" 201 755
INFO 2026-02-18 17:09:18,133 log 16488 24076 "POST /transaction/create/ HTTP/1.1" 201 760
INFO 2026-02-18 17:09:18,356 log 16488 24076 "POST /transaction/create/ HTTP/1.1" 201 760
INFO 2026-02-18 17:09:18,600 log 16488 24076 "POST /transaction/create/ HTTP/1.1" 201 760
INFO 2026-02-18 17:09:18,817 log 16488 24076 "POST /transaction/create/ HTTP/1.1" 201 760
INFO 2026-02-18 17:11:45,534 log 16488 11140 "GET / HTTP/1.1" 200 13742
INFO 2026-02-18 17:11:45,544 log 16488 11140 "GET /static/css/output.css HTTP/1.1" 304 0
INFO 2026-02-18 17:11:51,845 log 16488 11140 "GET /transaction/form/ HTTP/1.1" 200 4387
INFO 2026-02-18 17:11:59,524 log 16488 11140 "POST /transaction/create/ HTTP/1.1" 201 760
INFO 2026-02-18 17:12:07,667 log 16488 11140 "GET /transaction/form/ HTTP/1.1" 200 4387
INFO 2026-02-18 17:12:16,611 log 16488 11140 "POST /transaction/create/ HTTP/1.1" 201 760
INFO 2026-02-18 17:12:18,484 log 16488 11140 "GET / HTTP/1.1" 200 15300
INFO 2026-02-18 17:12:18,494 log 16488 11140 "GET /static/css/output.css HTTP/1.1" 304 0
INFO 2026-02-18 17:12:24,478 log 16488 11140 "GET /transaction/15/edit-row/ HTTP/1.1" 200 2719
INFO 2026-02-18 17:12:31,749 log 16488 11140 "POST /transaction/15/update/ HTTP/1.1" 200 760
WARNING 2026-02-18 17:12:35,991 log 16488 11140 Forbidden (CSRF token missing.): /transaction/14/delete/
WARNING 2026-02-18 17:12:35,992 log 16488 11140 "POST /transaction/14/delete/ HTTP/1.1" 403 2491
WARNING 2026-02-18 17:12:38,771 log 16488 11140 Forbidden (CSRF token missing.): /transaction/12/delete/
WARNING 2026-02-18 17:12:38,772 log 16488 11140 "POST /transaction/12/delete/ HTTP/1.1" 403 2491
WARNING 2026-02-18 17:12:41,171 log 16488 11140 Forbidden (CSRF token missing.): /transaction/13/delete/
WARNING 2026-02-18 17:12:41,172 log 16488 11140 "POST /transaction/13/delete/ HTTP/1.1" 403 2491
INFO 2026-02-18 17:12:49,988 log 16488 11140 "GET / HTTP/1.1" 200 15297
INFO 2026-02-18 17:12:50,010 log 16488 11140 "GET /static/css/output.css HTTP/1.1" 304 0
WARNING 2026-02-18 17:12:54,541 log 16488 11140 Forbidden (CSRF token missing.): /transaction/15/delete/
WARNING 2026-02-18 17:12:54,542 log 16488 11140 "POST /transaction/15/delete/ HTTP/1.1" 403 2491
WARNING 2026-02-18 17:13:16,386 log 16488 11140 Forbidden (CSRF token missing.): /transaction/14/delete/
WARNING 2026-02-18 17:13:16,387 log 16488 11140 "POST /transaction/14/delete/ HTTP/1.1" 403 2491
WARNING 2026-02-18 17:13:19,102 log 16488 11140 Forbidden (CSRF token missing.): /transaction/15/delete/
WARNING 2026-02-18 17:13:19,102 log 16488 11140 "POST /transaction/15/delete/ HTTP/1.1" 403 2491
WARNING 2026-02-18 17:13:22,768 log 16488 11140 Forbidden (CSRF token missing.): /transaction/15/delete/
WARNING 2026-02-18 17:13:22,769 log 16488 11140 "POST /transaction/15/delete/ HTTP/1.1" 403 2491
INFO 2026-02-18 17:14:40,904 log 16488 11140 "GET / HTTP/1.1" 200 17250
INFO 2026-02-18 17:14:40,944 log 16488 11140 "GET /static/css/output.css HTTP/1.1" 304 0
INFO 2026-02-18 17:14:43,780 log 16488 11140 "POST /transaction/15/delete/ HTTP/1.1" 200 0
INFO 2026-02-18 17:14:46,392 log 16488 11140 "POST /transaction/14/delete/ HTTP/1.1" 200 0
INFO 2026-02-18 17:14:49,266 log 16488 11140 "POST /transaction/13/delete/ HTTP/1.1" 200 0
INFO 2026-02-18 17:14:51,300 log 16488 11140 "GET /transaction/form/ HTTP/1.1" 200 4490
INFO 2026-02-18 17:14:59,174 log 16488 11140 "POST /transaction/create/ HTTP/1.1" 201 863
INFO 2026-02-18 17:15:04,180 log 16488 11140 "GET / HTTP/1.1" 200 15489
WARNING 2026-02-18 17:23:54,422 log 16488 25536 Not Found: /transactions
WARNING 2026-02-18 17:23:54,423 log 16488 25536 "GET /transactions HTTP/1.1" 404 5321
INFO 2026-02-20 11:59:50,217 autoreload 14768 25568 Watching for file changes with StatReloader
INFO 2026-02-20 11:59:54,959 log 14768 20464 "GET / HTTP/1.1" 200 15489
INFO 2026-02-20 11:59:55,000 log 14768 20464 "GET /static/css/output.css HTTP/1.1" 200 74255
INFO 2026-02-20 12:07:14,554 log 14768 13196 "GET /transaction/form/ HTTP/1.1" 200 4490
INFO 2026-02-20 12:07:48,533 log 14768 13196 "GET /transaction/form/ HTTP/1.1" 200 4490
WARNING 2026-02-20 12:08:29,557 log 14768 13196 Method Not Allowed (GET): /logout/
WARNING 2026-02-20 12:08:29,558 log 14768 13196 "GET /logout/ HTTP/1.1" 405 0
WARNING 2026-02-20 12:08:33,869 log 14768 13196 Method Not Allowed (GET): /logout/
WARNING 2026-02-20 12:08:33,870 log 14768 13196 "GET /logout/ HTTP/1.1" 405 0
INFO 2026-02-20 12:08:38,431 log 14768 13196 "GET / HTTP/1.1" 200 15489
INFO 2026-02-20 12:08:38,448 log 14768 13196 "GET /static/css/output.css HTTP/1.1" 304 0
WARNING 2026-02-20 12:08:42,258 log 14768 13196 Method Not Allowed (GET): /logout/
WARNING 2026-02-20 12:08:42,259 log 14768 13196 "GET /logout/ HTTP/1.1" 405 0
INFO 2026-02-20 12:09:50,961 autoreload 14768 25568 C:\Users\OZDEN\Desktop\veresiye\veresiye\main\models.py changed, reloading.
INFO 2026-02-20 12:09:51,397 autoreload 16744 17212 Watching for file changes with StatReloader
WARNING 2026-02-20 12:09:57,895 log 16744 20996 Method Not Allowed (GET): /logout/
WARNING 2026-02-20 12:09:57,896 log 16744 20996 "GET /logout/ HTTP/1.1" 405 0
INFO 2026-02-20 12:10:00,821 log 16744 20996 "GET / HTTP/1.1" 200 15489
INFO 2026-02-20 12:10:00,840 log 16744 20996 "GET /static/css/output.css HTTP/1.1" 304 0
INFO 2026-02-20 12:10:02,696 log 16744 20996 "GET /transaction/form/ HTTP/1.1" 200 4490
INFO 2026-02-20 12:10:13,407 autoreload 19420 24400 Watching for file changes with StatReloader
INFO 2026-02-20 12:10:17,541 log 19420 20052 "GET / HTTP/1.1" 200 15489
INFO 2026-02-20 12:10:18,109 log 19420 20052 "GET / HTTP/1.1" 200 15489
INFO 2026-02-20 12:10:24,783 log 19420 20052 "GET /transaction/form/ HTTP/1.1" 200 4490
INFO 2026-02-20 12:32:07,237 autoreload 14788 16352 Watching for file changes with StatReloader
ERROR 2026-02-20 12:32:10,615 log 14788 8764 Internal Server Error: /
Traceback (most recent call last):
  File "C:\Users\OZDEN\Desktop\veresiye\my_env\Lib\site-packages\django\core\handlers\exception.py", line 55, in inner
    response = get_response(request)
  File "C:\Users\OZDEN\Desktop\veresiye\my_env\Lib\site-packages\django\core\handlers\base.py", line 198, in _get_response
    response = wrapped_callback(request, *callback_args, **callback_kwargs)
  File "C:\Users\OZDEN\Desktop\veresiye\veresiye\main\views.py", line 8, in home
    return render(request, 'main/home.html')
  File "C:\Users\OZDEN\Desktop\veresiye\my_env\Lib\site-packages\django\shortcuts.py", line 25, in render
    content = loader.render_to_string(template_name, context, request, using=using)
  File "C:\Users\OZDEN\Desktop\veresiye\my_env\Lib\site-packages\django\template\loader.py", line 61, in render_to_string
    template = get_template(template_name, using=using)
  File "C:\Users\OZDEN\Desktop\veresiye\my_env\Lib\site-packages\django\template\loader.py", line 19, in get_template
    raise TemplateDoesNotExist(template_name, chain=chain)
django.template.exceptions.TemplateDoesNotExist: main/home.html
ERROR 2026-02-20 12:32:10,616 log 14788 8764 "GET / HTTP/1.1" 500 82448
INFO 2026-02-20 12:32:40,238 autoreload 14788 16352 C:\Users\OZDEN\Desktop\veresiye\veresiye\main\views.py changed, reloading.
INFO 2026-02-20 12:32:40,627 autoreload 20188 5756 Watching for file changes with StatReloader
ERROR 2026-02-20 12:32:42,416 log 20188 20096 Internal Server Error: /
Traceback (most recent call last):
  File "C:\Users\OZDEN\Desktop\veresiye\my_env\Lib\site-packages\django\core\handlers\exception.py", line 55, in inner
    response = get_response(request)
  File "C:\Users\OZDEN\Desktop\veresiye\my_env\Lib\site-packages\django\core\handlers\base.py", line 198, in _get_response
    response = wrapped_callback(request, *callback_args, **callback_kwargs)
  File "C:\Users\OZDEN\Desktop\veresiye\veresiye\main\views.py", line 8, in home
    return render(request, 'main/home.html')
  File "C:\Users\OZDEN\Desktop\veresiye\my_env\Lib\site-packages\django\shortcuts.py", line 25, in render
    content = loader.render_to_string(template_name, context, request, using=using)
  File "C:\Users\OZDEN\Desktop\veresiye\my_env\Lib\site-packages\django\template\loader.py", line 61, in render_to_string
    template = get_template(template_name, using=using)
  File "C:\Users\OZDEN\Desktop\veresiye\my_env\Lib\site-packages\django\template\loader.py", line 19, in get_template
    raise TemplateDoesNotExist(template_name, chain=chain)
django.template.exceptions.TemplateDoesNotExist: main/home.html
ERROR 2026-02-20 12:32:42,417 log 20188 20096 "GET / HTTP/1.1" 500 82299
INFO 2026-02-20 12:33:05,696 autoreload 20188 5756 C:\Users\OZDEN\Desktop\veresiye\veresiye\main\views.py changed, reloading.
INFO 2026-02-20 12:33:06,075 autoreload 7104 23148 Watching for file changes with StatReloader
ERROR 2026-02-20 12:33:07,113 log 7104 25048 Internal Server Error: /
Traceback (most recent call last):
  File "C:\Users\OZDEN\Desktop\veresiye\my_env\Lib\site-packages\django\urls\base.py", line 81, in reverse
    extra, resolver = resolver.namespace_dict[ns]
                      ~~~~~~~~~~~~~~~~~~~~~~~^^^^
KeyError: 'main'

During handling of the above exception, another exception occurred:

Traceback (most recent call last):
  File "C:\Users\OZDEN\Desktop\veresiye\my_env\Lib\site-packages\django\core\handlers\exception.py", line 55, in inner
    response = get_response(request)
  File "C:\Users\OZDEN\Desktop\veresiye\my_env\Lib\site-packages\django\core\handlers\base.py", line 198, in _get_response
    response = wrapped_callback(request, *callback_args, **callback_kwargs)
  File "C:\Users\OZDEN\Desktop\veresiye\veresiye\main\views.py", line 8, in home
    return render(request, 'home.html')
  File "C:\Users\OZDEN\Desktop\veresiye\my_env\Lib\site-packages\django\shortcuts.py", line 25, in render
    content = loader.render_to_string(template_name, context, request, using=using)
  File "C:\Users\OZDEN\Desktop\veresiye\my_env\Lib\site-packages\django\template\loader.py", line 62, in render_to_string
    return template.render(context, request)
           ~~~~~~~~~~~~~~~^^^^^^^^^^^^^^^^^^
  File "C:\Users\OZDEN\Desktop\veresiye\my_env\Lib\site-packages\django\template\backends\django.py", line 107, in render
    return self.template.render(context)
           ~~~~~~~~~~~~~~~~~~~~^^^^^^^^^
  File "C:\Users\OZDEN\Desktop\veresiye\my_env\Lib\site-packages\django\template\base.py", line 174, in render
    return self._render(context)
           ~~~~~~~~~~~~^^^^^^^^^
  File "C:\Users\OZDEN\Desktop\veresiye\my_env\Lib\site-packages\django\template\base.py", line 166, in _render
    return self.nodelist.render(context)
           ~~~~~~~~~~~~~~~~~~~~^^^^^^^^^
  File "C:\Users\OZDEN\Desktop\veresiye\my_env\Lib\site-packages\django\template\base.py", line 1091, in render
    return SafeString("".join([node.render_annotated(context) for node in self]))
                               ~~~~~~~~~~~~~~~~~~~~~^^^^^^^^^
  File "C:\Users\OZDEN\Desktop\veresiye\my_env\Lib\site-packages\django\template\base.py", line 1052, in render_annotated
    return self.render(context)
           ~~~~~~~~~~~^^^^^^^^^
  File "C:\Users\OZDEN\Desktop\veresiye\my_env\Lib\site-packages\django\template\loader_tags.py", line 160, in render
    return compiled_parent._render(context)
           ~~~~~~~~~~~~~~~~~~~~~~~^^^^^^^^^
  File "C:\Users\OZDEN\Desktop\veresiye\my_env\Lib\site-packages\django\template\base.py", line 166, in _render
    return self.nodelist.render(context)
           ~~~~~~~~~~~~~~~~~~~~^^^^^^^^^
  File "C:\Users\OZDEN\Desktop\veresiye\my_env\Lib\site-packages\django\template\base.py", line 1091, in render
    return SafeString("".join([node.render_annotated(context) for node in self]))
                               ~~~~~~~~~~~~~~~~~~~~~^^^^^^^^^
  File "C:\Users\OZDEN\Desktop\veresiye\my_env\Lib\site-packages\django\template\base.py", line 1052, in render_annotated
    return self.render(context)
           ~~~~~~~~~~~^^^^^^^^^
  File "C:\Users\OZDEN\Desktop\veresiye\my_env\Lib\site-packages\django\template\defaulttags.py", line 511, in render
    url = reverse(view_name, args=args, kwargs=kwargs, current_app=current_app)
  File "C:\Users\OZDEN\Desktop\veresiye\my_env\Lib\site-packages\django\urls\base.py", line 92, in reverse
    raise NoReverseMatch("%s is not a registered namespace" % key)
django.urls.exceptions.NoReverseMatch: 'main' is not a registered namespace
ERROR 2026-02-20 12:33:07,117 log 7104 25048 "GET / HTTP/1.1" 500 138224
INFO 2026-02-20 12:34:05,029 autoreload 7104 23148 C:\Users\OZDEN\Desktop\veresiye\veresiye\veresiye\urls.py changed, reloading.
INFO 2026-02-20 12:34:05,410 autoreload 580 1628 Watching for file changes with StatReloader
INFO 2026-02-20 12:34:28,015 autoreload 580 1628 C:\Users\OZDEN\Desktop\veresiye\veresiye\main\urls.py changed, reloading.
INFO 2026-02-20 12:34:28,403 autoreload 17300 12572 Watching for file changes with StatReloader
INFO 2026-02-20 12:34:31,592 autoreload 17300 12572 C:\Users\OZDEN\Desktop\veresiye\veresiye\main\views.py changed, reloading.
INFO 2026-02-20 12:34:31,940 autoreload 12640 15136 Watching for file changes with StatReloader
INFO 2026-02-20 12:34:39,204 autoreload 12640 15136 C:\Users\OZDEN\Desktop\veresiye\veresiye\veresiye\urls.py changed, reloading.
INFO 2026-02-20 12:34:39,551 autoreload 23648 8280 Watching for file changes with StatReloader
INFO 2026-02-20 12:34:45,337 log 23648 22972 "GET / HTTP/1.1" 200 2617
INFO 2026-02-20 12:34:45,352 log 23648 22972 "GET /static/css/output.css HTTP/1.1" 304 0
ERROR 2026-02-20 12:39:39,390 log 23648 18876 Internal Server Error: /
Traceback (most recent call last):
  File "C:\Users\OZDEN\Desktop\veresiye\my_env\Lib\site-packages\django\core\handlers\exception.py", line 55, in inner
    response = get_response(request)
  File "C:\Users\OZDEN\Desktop\veresiye\my_env\Lib\site-packages\django\core\handlers\base.py", line 198, in _get_response
    response = wrapped_callback(request, *callback_args, **callback_kwargs)
  File "C:\Users\OZDEN\Desktop\veresiye\veresiye\main\views.py", line 7, in home
    return render(request, 'home.html')
  File "C:\Users\OZDEN\Desktop\veresiye\my_env\Lib\site-packages\django\shortcuts.py", line 25, in render
    content = loader.render_to_string(template_name, context, request, using=using)
  File "C:\Users\OZDEN\Desktop\veresiye\my_env\Lib\site-packages\django\template\loader.py", line 61, in render_to_string
    template = get_template(template_name, using=using)
  File "C:\Users\OZDEN\Desktop\veresiye\my_env\Lib\site-packages\django\template\loader.py", line 15, in get_template
    return engine.get_template(template_name)
           ~~~~~~~~~~~~~~~~~~~^^^^^^^^^^^^^^^
  File "C:\Users\OZDEN\Desktop\veresiye\my_env\Lib\site-packages\django\template\backends\django.py", line 79, in get_template
    return Template(self.engine.get_template(template_name), self)
                    ~~~~~~~~~~~~~~~~~~~~~~~~^^^^^^^^^^^^^^^
  File "C:\Users\OZDEN\Desktop\veresiye\my_env\Lib\site-packages\django\template\engine.py", line 186, in get_template
    template, origin = self.find_template(template_name)
                       ~~~~~~~~~~~~~~~~~~^^^^^^^^^^^^^^^
  File "C:\Users\OZDEN\Desktop\veresiye\my_env\Lib\site-packages\django\template\engine.py", line 159, in find_template
    template = loader.get_template(name, skip=skip)
  File "C:\Users\OZDEN\Desktop\veresiye\my_env\Lib\site-packages\django\template\loaders\cached.py", line 57, in get_template
    template = super().get_template(template_name, skip)
  File "C:\Users\OZDEN\Desktop\veresiye\my_env\Lib\site-packages\django\template\loaders\base.py", line 28, in get_template
    return Template(
        contents,
    ...<2 lines>...
        self.engine,
    )
  File "C:\Users\OZDEN\Desktop\veresiye\my_env\Lib\site-packages\django\template\base.py", line 157, in __init__
    self.nodelist = self.compile_nodelist()
                    ~~~~~~~~~~~~~~~~~~~~~^^
  File "C:\Users\OZDEN\Desktop\veresiye\my_env\Lib\site-packages\django\template\base.py", line 199, in compile_nodelist
    nodelist = parser.parse()
  File "C:\Users\OZDEN\Desktop\veresiye\my_env\Lib\site-packages\django\template\base.py", line 585, in parse
    raise self.error(token, e)
  File "C:\Users\OZDEN\Desktop\veresiye\my_env\Lib\site-packages\django\template\base.py", line 583, in parse
    compiled_result = compile_func(self, token)
  File "C:\Users\OZDEN\Desktop\veresiye\my_env\Lib\site-packages\django\template\loader_tags.py", line 307, in do_extends
    nodelist = parser.parse()
  File "C:\Users\OZDEN\Desktop\veresiye\my_env\Lib\site-packages\django\template\base.py", line 585, in parse
    raise self.error(token, e)
  File "C:\Users\OZDEN\Desktop\veresiye\my_env\Lib\site-packages\django\template\base.py", line 583, in parse
    compiled_result = compile_func(self, token)
  File "C:\Users\OZDEN\Desktop\veresiye\my_env\Lib\site-packages\django\template\loader_tags.py", line 235, in do_block
    nodelist = parser.parse(("endblock",))
  File "C:\Users\OZDEN\Desktop\veresiye\my_env\Lib\site-packages\django\template\base.py", line 585, in parse
    raise self.error(token, e)
  File "C:\Users\OZDEN\Desktop\veresiye\my_env\Lib\site-packages\django\template\base.py", line 583, in parse
    compiled_result = compile_func(self, token)
  File "C:\Users\OZDEN\Desktop\veresiye\my_env\Lib\site-packages\django\template\defaulttags.py", line 893, in do_for
    sequence = parser.compile_filter(bits[in_index + 1])
  File "C:\Users\OZDEN\Desktop\veresiye\my_env\Lib\site-packages\django\template\base.py", line 676, in compile_filter
    return FilterExpression(token, self)
  File "C:\Users\OZDEN\Desktop\veresiye\my_env\Lib\site-packages\django\template\base.py", line 776, in __init__
    raise TemplateSyntaxError(
    ...<2 lines>...
    )
django.template.exceptions.TemplateSyntaxError: Template: C:\Users\OZDEN\Desktop\veresiye\veresiye\main\templates\home.html, Could not parse the remainder: '[A-F]' from '[A-F]'
ERROR 2026-02-20 12:39:39,394 log 23648 18876 "GET / HTTP/1.1" 500 175682
INFO 2026-02-20 12:41:19,520 autoreload 23648 8280 C:\Users\OZDEN\Desktop\veresiye\veresiye\main\views.py changed, reloading.
INFO 2026-02-20 12:41:19,878 autoreload 12264 24216 Watching for file changes with StatReloader
INFO 2026-02-20 12:41:44,174 log 12264 11924 "GET / HTTP/1.1" 200 2920
INFO 2026-02-20 12:41:44,205 log 12264 11924 "GET /static/css/output.css HTTP/1.1" 200 91189
INFO 2026-02-20 12:42:40,175 log 12264 11924 "GET / HTTP/1.1" 200 2926
INFO 2026-02-20 12:42:40,188 log 12264 11924 "GET /static/css/output.css HTTP/1.1" 304 0
INFO 2026-02-20 12:42:41,702 log 12264 11924 "GET / HTTP/1.1" 200 2926
INFO 2026-02-20 12:42:49,830 log 12264 11924 "GET / HTTP/1.1" 200 2926
INFO 2026-02-20 12:43:10,799 autoreload 12264 24216 C:\Users\OZDEN\Desktop\veresiye\veresiye\main\views.py changed, reloading.
INFO 2026-02-20 12:43:11,184 autoreload 20484 17904 Watching for file changes with StatReloader
INFO 2026-02-20 16:04:46,822 autoreload 7500 11476 Watching for file changes with StatReloader
INFO 2026-02-20 16:04:50,877 log 7500 2436 "GET / HTTP/1.1" 200 33006
INFO 2026-02-20 16:04:51,067 log 7500 2436 "GET /static/css/output.css HTTP/1.1" 200 59672
WARNING 2026-02-20 16:04:51,216 log 7500 2436 Not Found: /favicon.ico
WARNING 2026-02-20 16:04:51,218 log 7500 2436 "GET /favicon.ico HTTP/1.1" 404 2711
INFO 2026-02-20 16:07:11,764 autoreload 7500 11476 C:\Users\USER\Desktop\veresiye\veresiye\main\views.py changed, reloading.
INFO 2026-02-20 16:07:12,589 autoreload 8204 2784 Watching for file changes with StatReloader
INFO 2026-02-20 16:07:14,914 log 8204 1868 "GET / HTTP/1.1" 200 48198
INFO 2026-02-20 16:07:14,951 log 8204 1868 "GET /static/css/output.css HTTP/1.1" 304 0
INFO 2026-02-20 16:08:45,890 log 8204 1868 "GET / HTTP/1.1" 200 48323
INFO 2026-02-20 16:08:46,008 log 8204 1868 "GET /static/css/output.css HTTP/1.1" 200 60064
INFO 2026-02-20 16:09:48,774 log 8204 1868 "GET / HTTP/1.1" 200 48457
INFO 2026-02-20 16:09:48,801 log 8204 1868 "GET /static/css/output.css HTTP/1.1" 200 90275
INFO 2026-02-20 16:10:12,740 log 8204 1868 "GET / HTTP/1.1" 200 48410
INFO 2026-02-20 16:10:12,771 log 8204 1868 "GET /static/css/output.css HTTP/1.1" 304 0
INFO 2026-02-20 16:10:28,767 log 8204 1868 "GET /static/css/output.css HTTP/1.1" 304 0
WARNING 2026-02-20 16:10:28,789 log 8204 1868 Not Found: /.well-known/appspecific/com.chrome.devtools.json
WARNING 2026-02-20 16:10:28,815 log 8204 1868 "GET /.well-known/appspecific/com.chrome.devtools.json HTTP/1.1" 404 2822
INFO 2026-02-20 16:12:10,061 log 8204 1868 "GET / HTTP/1.1" 200 48394
INFO 2026-02-20 16:12:10,088 log 8204 1868 "GET /static/css/output.css HTTP/1.1" 304 0
INFO 2026-02-20 16:12:23,739 log 8204 1868 "GET / HTTP/1.1" 200 48410
INFO 2026-02-20 16:12:59,701 log 8204 1868 "GET / HTTP/1.1" 200 48374
INFO 2026-02-20 16:12:59,732 log 8204 1868 "GET /static/css/output.css HTTP/1.1" 304 0
INFO 2026-02-20 16:13:32,946 log 8204 1868 "GET / HTTP/1.1" 200 48378
INFO 2026-02-20 16:13:32,968 log 8204 1868 "GET /static/css/output.css HTTP/1.1" 304 0
INFO 2026-02-20 16:13:53,923 log 8204 1868 "GET / HTTP/1.1" 200 48374
INFO 2026-02-20 16:14:04,151 log 8204 1868 "GET /static/css/output.css HTTP/1.1" 304 0
WARNING 2026-02-20 16:14:04,204 log 8204 1868 Not Found: /.well-known/appspecific/com.chrome.devtools.json
WARNING 2026-02-20 16:14:04,207 log 8204 1868 "GET /.well-known/appspecific/com.chrome.devtools.json HTTP/1.1" 404 2822
INFO 2026-02-20 16:16:48,701 autoreload 8204 2784 C:\Users\USER\Desktop\veresiye\veresiye\main\models.py changed, reloading.
INFO 2026-02-20 16:16:49,663 autoreload 9452 10448 Watching for file changes with StatReloader
INFO 2026-02-20 16:20:34,219 autoreload 9452 10448 C:\Users\USER\Desktop\veresiye\veresiye\main\views.py changed, reloading.
INFO 2026-02-20 16:20:35,079 autoreload 4672 12248 Watching for file changes with StatReloader
INFO 2026-02-20 16:20:46,118 autoreload 4672 12248 C:\Users\USER\Desktop\veresiye\veresiye\main\urls.py changed, reloading.
INFO 2026-02-20 16:20:47,063 autoreload 9064 11968 Watching for file changes with StatReloader
INFO 2026-02-20 16:21:37,489 autoreload 9064 11968 C:\Users\USER\Desktop\veresiye\veresiye\main\views.py changed, reloading.
INFO 2026-02-20 16:21:38,450 autoreload 2684 252 Watching for file changes with StatReloader
INFO 2026-02-20 16:22:19,447 autoreload 2684 252 C:\Users\USER\Desktop\veresiye\veresiye\main\models.py changed, reloading.
INFO 2026-02-20 16:22:20,329 autoreload 11840 10584 Watching for file changes with StatReloader
INFO 2026-02-20 16:22:38,419 autoreload 11840 10584 C:\Users\USER\Desktop\veresiye\veresiye\main\urls.py changed, reloading.
INFO 2026-02-20 16:22:39,255 autoreload 10512 7676 Watching for file changes with StatReloader
INFO 2026-02-20 16:23:36,982 log 10512 12104 "GET / HTTP/1.1" 200 76733
INFO 2026-02-20 16:23:37,005 log 10512 12104 "GET /static/css/output.css HTTP/1.1" 304 0
WARNING 2026-02-20 16:23:41,115 log 10512 12104 Not Found: /apartment/A2/
WARNING 2026-02-20 16:23:41,116 log 10512 12104 "GET /apartment/A2/ HTTP/1.1" 404 3192
INFO 2026-02-20 16:24:55,829 autoreload 10512 7676 C:\Users\USER\Desktop\veresiye\veresiye\main\views.py changed, reloading.
INFO 2026-02-20 16:24:56,577 autoreload 8928 3860 Watching for file changes with StatReloader
INFO 2026-02-20 16:25:03,279 log 8928 10300 "GET / HTTP/1.1" 200 76733
INFO 2026-02-20 16:25:03,301 log 8928 10300 "GET /static/css/output.css HTTP/1.1" 304 0
INFO 2026-02-20 16:25:06,355 log 8928 10300 "GET /apartment/A1/ HTTP/1.1" 200 2615
INFO 2026-02-20 16:25:46,105 log 8928 10300 "GET /apartment/A1/ HTTP/1.1" 200 2628
INFO 2026-02-20 16:26:23,608 log 8928 10300 "GET /apartment/A1/ HTTP/1.1" 200 2665
INFO 2026-02-20 16:27:15,295 autoreload 8928 3860 C:\Users\USER\Desktop\veresiye\veresiye\main\urls.py changed, reloading.
INFO 2026-02-20 16:27:16,072 autoreload 4944 6364 Watching for file changes with StatReloader
ERROR 2026-02-20 16:27:19,382 log 4944 4412 Internal Server Error: /apartment/A1/
Traceback (most recent call last):
  File "C:\Users\USER\Desktop\veresiye\my_env\Lib\site-packages\django\core\handlers\exception.py", line 55, in inner
    response = get_response(request)
  File "C:\Users\USER\Desktop\veresiye\my_env\Lib\site-packages\django\core\handlers\base.py", line 198, in _get_response
    response = wrapped_callback(request, *callback_args, **callback_kwargs)
TypeError: apartment_detail() got an unexpected keyword argument 'apartment_number'. Did you mean 'apartment_name'?
ERROR 2026-02-20 16:27:19,385 log 4944 4412 "GET /apartment/A1/ HTTP/1.1" 500 66545
ERROR 2026-02-20 16:27:27,336 log 4944 4412 Internal Server Error: /
Traceback (most recent call last):
  File "C:\Users\USER\Desktop\veresiye\my_env\Lib\site-packages\django\core\handlers\exception.py", line 55, in inner
    response = get_response(request)
  File "C:\Users\USER\Desktop\veresiye\my_env\Lib\site-packages\django\core\handlers\base.py", line 198, in _get_response
    response = wrapped_callback(request, *callback_args, **callback_kwargs)
  File "C:\Users\USER\Desktop\veresiye\veresiye\main\views.py", line 15, in home
    return render(request, 'home.html', context)
  File "C:\Users\USER\Desktop\veresiye\my_env\Lib\site-packages\django\shortcuts.py", line 25, in render
    content = loader.render_to_string(template_name, context, request, using=using)
  File "C:\Users\USER\Desktop\veresiye\my_env\Lib\site-packages\django\template\loader.py", line 62, in render_to_string
    return template.render(context, request)
           ~~~~~~~~~~~~~~~^^^^^^^^^^^^^^^^^^
  File "C:\Users\USER\Desktop\veresiye\my_env\Lib\site-packages\django\template\backends\django.py", line 107, in render
    return self.template.render(context)
           ~~~~~~~~~~~~~~~~~~~~^^^^^^^^^
  File "C:\Users\USER\Desktop\veresiye\my_env\Lib\site-packages\django\template\base.py", line 174, in render
    return self._render(context)
           ~~~~~~~~~~~~^^^^^^^^^
  File "C:\Users\USER\Desktop\veresiye\my_env\Lib\site-packages\django\template\base.py", line 166, in _render
    return self.nodelist.render(context)
           ~~~~~~~~~~~~~~~~~~~~^^^^^^^^^
  File "C:\Users\USER\Desktop\veresiye\my_env\Lib\site-packages\django\template\base.py", line 1091, in render
    return SafeString("".join([node.render_annotated(context) for node in self]))
                               ~~~~~~~~~~~~~~~~~~~~~^^^^^^^^^
  File "C:\Users\USER\Desktop\veresiye\my_env\Lib\site-packages\django\template\base.py", line 1052, in render_annotated
    return self.render(context)
           ~~~~~~~~~~~^^^^^^^^^
  File "C:\Users\USER\Desktop\veresiye\my_env\Lib\site-packages\django\template\loader_tags.py", line 160, in render
    return compiled_parent._render(context)
           ~~~~~~~~~~~~~~~~~~~~~~~^^^^^^^^^
  File "C:\Users\USER\Desktop\veresiye\my_env\Lib\site-packages\django\template\base.py", line 166, in _render
    return self.nodelist.render(context)
           ~~~~~~~~~~~~~~~~~~~~^^^^^^^^^
  File "C:\Users\USER\Desktop\veresiye\my_env\Lib\site-packages\django\template\base.py", line 1091, in render
    return SafeString("".join([node.render_annotated(context) for node in self]))
                               ~~~~~~~~~~~~~~~~~~~~~^^^^^^^^^
  File "C:\Users\USER\Desktop\veresiye\my_env\Lib\site-packages\django\template\base.py", line 1052, in render_annotated
    return self.render(context)
           ~~~~~~~~~~~^^^^^^^^^
  File "C:\Users\USER\Desktop\veresiye\my_env\Lib\site-packages\django\template\loader_tags.py", line 66, in render
    result = block.nodelist.render(context)
  File "C:\Users\USER\Desktop\veresiye\my_env\Lib\site-packages\django\template\base.py", line 1091, in render
    return SafeString("".join([node.render_annotated(context) for node in self]))
                               ~~~~~~~~~~~~~~~~~~~~~^^^^^^^^^
  File "C:\Users\USER\Desktop\veresiye\my_env\Lib\site-packages\django\template\base.py", line 1052, in render_annotated
    return self.render(context)
           ~~~~~~~~~~~^^^^^^^^^
  File "C:\Users\USER\Desktop\veresiye\my_env\Lib\site-packages\django\template\defaulttags.py", line 249, in render
    nodelist.append(node.render_annotated(context))
                    ~~~~~~~~~~~~~~~~~~~~~^^^^^^^^^
  File "C:\Users\USER\Desktop\veresiye\my_env\Lib\site-packages\django\template\base.py", line 1052, in render_annotated
    return self.render(context)
           ~~~~~~~~~~~^^^^^^^^^
  File "C:\Users\USER\Desktop\veresiye\my_env\Lib\site-packages\django\template\defaulttags.py", line 249, in render
    nodelist.append(node.render_annotated(context))
                    ~~~~~~~~~~~~~~~~~~~~~^^^^^^^^^
  File "C:\Users\USER\Desktop\veresiye\my_env\Lib\site-packages\django\template\base.py", line 1052, in render_annotated
    return self.render(context)
           ~~~~~~~~~~~^^^^^^^^^
  File "C:\Users\USER\Desktop\veresiye\my_env\Lib\site-packages\django\template\defaulttags.py", line 511, in render
    url = reverse(view_name, args=args, kwargs=kwargs, current_app=current_app)
  File "C:\Users\USER\Desktop\veresiye\my_env\Lib\site-packages\django\urls\base.py", line 98, in reverse
    resolved_url = resolver._reverse_with_prefix(view, prefix, *args, **kwargs)
  File "C:\Users\USER\Desktop\veresiye\my_env\Lib\site-packages\django\urls\resolvers.py", line 842, in _reverse_with_prefix
    raise NoReverseMatch(msg)
django.urls.exceptions.NoReverseMatch: Reverse for 'apartment_detail' with keyword arguments '{'apartment_name': 'A1'}' not found. 1 pattern(s) tried: ['apartment/(?P<apartment_number>[^/]+)/\\Z']
ERROR 2026-02-20 16:27:27,359 log 4944 4412 "GET / HTTP/1.1" 500 211744
ERROR 2026-02-20 16:27:32,709 log 4944 4412 Internal Server Error: /
Traceback (most recent call last):
  File "C:\Users\USER\Desktop\veresiye\my_env\Lib\site-packages\django\core\handlers\exception.py", line 55, in inner
    response = get_response(request)
  File "C:\Users\USER\Desktop\veresiye\my_env\Lib\site-packages\django\core\handlers\base.py", line 198, in _get_response
    response = wrapped_callback(request, *callback_args, **callback_kwargs)
  File "C:\Users\USER\Desktop\veresiye\veresiye\main\views.py", line 15, in home
    return render(request, 'home.html', context)
  File "C:\Users\USER\Desktop\veresiye\my_env\Lib\site-packages\django\shortcuts.py", line 25, in render
    content = loader.render_to_string(template_name, context, request, using=using)
  File "C:\Users\USER\Desktop\veresiye\my_env\Lib\site-packages\django\template\loader.py", line 62, in render_to_string
    return template.render(context, request)
           ~~~~~~~~~~~~~~~^^^^^^^^^^^^^^^^^^
  File "C:\Users\USER\Desktop\veresiye\my_env\Lib\site-packages\django\template\backends\django.py", line 107, in render
    return self.template.render(context)
           ~~~~~~~~~~~~~~~~~~~~^^^^^^^^^
  File "C:\Users\USER\Desktop\veresiye\my_env\Lib\site-packages\django\template\base.py", line 174, in render
    return self._render(context)
           ~~~~~~~~~~~~^^^^^^^^^
  File "C:\Users\USER\Desktop\veresiye\my_env\Lib\site-packages\django\template\base.py", line 166, in _render
    return self.nodelist.render(context)
           ~~~~~~~~~~~~~~~~~~~~^^^^^^^^^
  File "C:\Users\USER\Desktop\veresiye\my_env\Lib\site-packages\django\template\base.py", line 1091, in render
    return SafeString("".join([node.render_annotated(context) for node in self]))
                               ~~~~~~~~~~~~~~~~~~~~~^^^^^^^^^
  File "C:\Users\USER\Desktop\veresiye\my_env\Lib\site-packages\django\template\base.py", line 1052, in render_annotated
    return self.render(context)
           ~~~~~~~~~~~^^^^^^^^^
  File "C:\Users\USER\Desktop\veresiye\my_env\Lib\site-packages\django\template\loader_tags.py", line 160, in render
    return compiled_parent._render(context)
           ~~~~~~~~~~~~~~~~~~~~~~~^^^^^^^^^
  File "C:\Users\USER\Desktop\veresiye\my_env\Lib\site-packages\django\template\base.py", line 166, in _render
    return self.nodelist.render(context)
           ~~~~~~~~~~~~~~~~~~~~^^^^^^^^^
  File "C:\Users\USER\Desktop\veresiye\my_env\Lib\site-packages\django\template\base.py", line 1091, in render
    return SafeString("".join([node.render_annotated(context) for node in self]))
                               ~~~~~~~~~~~~~~~~~~~~~^^^^^^^^^
  File "C:\Users\USER\Desktop\veresiye\my_env\Lib\site-packages\django\template\base.py", line 1052, in render_annotated
    return self.render(context)
           ~~~~~~~~~~~^^^^^^^^^
  File "C:\Users\USER\Desktop\veresiye\my_env\Lib\site-packages\django\template\loader_tags.py", line 66, in render
    result = block.nodelist.render(context)
  File "C:\Users\USER\Desktop\veresiye\my_env\Lib\site-packages\django\template\base.py", line 1091, in render
    return SafeString("".join([node.render_annotated(context) for node in self]))
                               ~~~~~~~~~~~~~~~~~~~~~^^^^^^^^^
  File "C:\Users\USER\Desktop\veresiye\my_env\Lib\site-packages\django\template\base.py", line 1052, in render_annotated
    return self.render(context)
           ~~~~~~~~~~~^^^^^^^^^
  File "C:\Users\USER\Desktop\veresiye\my_env\Lib\site-packages\django\template\defaulttags.py", line 249, in render
    nodelist.append(node.render_annotated(context))
                    ~~~~~~~~~~~~~~~~~~~~~^^^^^^^^^
  File "C:\Users\USER\Desktop\veresiye\my_env\Lib\site-packages\django\template\base.py", line 1052, in render_annotated
    return self.render(context)
           ~~~~~~~~~~~^^^^^^^^^
  File "C:\Users\USER\Desktop\veresiye\my_env\Lib\site-packages\django\template\defaulttags.py", line 249, in render
    nodelist.append(node.render_annotated(context))
                    ~~~~~~~~~~~~~~~~~~~~~^^^^^^^^^
  File "C:\Users\USER\Desktop\veresiye\my_env\Lib\site-packages\django\template\base.py", line 1052, in render_annotated
    return self.render(context)
           ~~~~~~~~~~~^^^^^^^^^
  File "C:\Users\USER\Desktop\veresiye\my_env\Lib\site-packages\django\template\defaulttags.py", line 511, in render
    url = reverse(view_name, args=args, kwargs=kwargs, current_app=current_app)
  File "C:\Users\USER\Desktop\veresiye\my_env\Lib\site-packages\django\urls\base.py", line 98, in reverse
    resolved_url = resolver._reverse_with_prefix(view, prefix, *args, **kwargs)
  File "C:\Users\USER\Desktop\veresiye\my_env\Lib\site-packages\django\urls\resolvers.py", line 842, in _reverse_with_prefix
    raise NoReverseMatch(msg)
django.urls.exceptions.NoReverseMatch: Reverse for 'apartment_detail' with keyword arguments '{'apartment_name': 'A1'}' not found. 1 pattern(s) tried: ['apartment/(?P<apartment_number>[^/]+)/\\Z']
ERROR 2026-02-20 16:27:32,729 log 4944 4412 "GET / HTTP/1.1" 500 211744
INFO 2026-02-20 16:27:58,458 log 4944 4412 "GET / HTTP/1.1" 200 76733
INFO 2026-02-20 16:27:58,489 log 4944 4412 "GET /static/css/output.css HTTP/1.1" 304 0
ERROR 2026-02-20 16:28:01,062 log 4944 4412 Internal Server Error: /apartment/A1/
Traceback (most recent call last):
  File "C:\Users\USER\Desktop\veresiye\my_env\Lib\site-packages\django\core\handlers\exception.py", line 55, in inner
    response = get_response(request)
  File "C:\Users\USER\Desktop\veresiye\my_env\Lib\site-packages\django\core\handlers\base.py", line 198, in _get_response
    response = wrapped_callback(request, *callback_args, **callback_kwargs)
TypeError: apartment_detail() got an unexpected keyword argument 'apartment_number'. Did you mean 'apartment_name'?
ERROR 2026-02-20 16:28:01,068 log 4944 4412 "GET /apartment/A1/ HTTP/1.1" 500 66259
INFO 2026-02-20 16:28:27,393 autoreload 4944 6364 C:\Users\USER\Desktop\veresiye\veresiye\main\views.py changed, reloading.
INFO 2026-02-20 16:28:28,151 autoreload 11168 5504 Watching for file changes with StatReloader
ERROR 2026-02-20 16:28:30,944 log 11168 6372 Internal Server Error: /apartment/A1/
Traceback (most recent call last):
  File "C:\Users\USER\Desktop\veresiye\my_env\Lib\site-packages\django\db\backends\utils.py", line 105, in _execute
    return self.cursor.execute(sql, params)
           ~~~~~~~~~~~~~~~~~~~^^^^^^^^^^^^^
  File "C:\Users\USER\Desktop\veresiye\my_env\Lib\site-packages\django\db\backends\sqlite3\base.py", line 359, in execute
    return super().execute(query, params)
           ~~~~~~~~~~~~~~~^^^^^^^^^^^^^^^
sqlite3.IntegrityError: NOT NULL constraint failed: main_apartment.name

The above exception was the direct cause of the following exception:

Traceback (most recent call last):
  File "C:\Users\USER\Desktop\veresiye\my_env\Lib\site-packages\django\core\handlers\exception.py", line 55, in inner
    response = get_response(request)
  File "C:\Users\USER\Desktop\veresiye\my_env\Lib\site-packages\django\core\handlers\base.py", line 198, in _get_response
    response = wrapped_callback(request, *callback_args, **callback_kwargs)
  File "C:\Users\USER\Desktop\veresiye\veresiye\main\views.py", line 29, in apartment_detail
    apartment=Apartment.objects.create(number=apartment_number)
  File "C:\Users\USER\Desktop\veresiye\my_env\Lib\site-packages\django\db\models\manager.py", line 87, in manager_method
    return getattr(self.get_queryset(), name)(*args, **kwargs)
           ~~~~~~~~~~~~~~~~~~~~~~~~~~~~~~~~~~^^^^^^^^^^^^^^^^^
  File "C:\Users\USER\Desktop\veresiye\my_env\Lib\site-packages\django\db\models\query.py", line 669, in create
    obj.save(force_insert=True, using=self.db)
    ~~~~~~~~^^^^^^^^^^^^^^^^^^^^^^^^^^^^^^^^^^
  File "C:\Users\USER\Desktop\veresiye\my_env\Lib\site-packages\django\db\models\base.py", line 874, in save
    self.save_base(
    ~~~~~~~~~~~~~~^
        using=using,
        ^^^^^^^^^^^^
    ...<2 lines>...
        update_fields=update_fields,
        ^^^^^^^^^^^^^^^^^^^^^^^^^^^^
    )
    ^
  File "C:\Users\USER\Desktop\veresiye\my_env\Lib\site-packages\django\db\models\base.py", line 966, in save_base
    updated = self._save_table(
        raw,
    ...<4 lines>...
        update_fields,
    )
  File "C:\Users\USER\Desktop\veresiye\my_env\Lib\site-packages\django\db\models\base.py", line 1169, in _save_table
    results = self._do_insert(
        cls._base_manager, using, insert_fields, returning_fields, raw
    )
  File "C:\Users\USER\Desktop\veresiye\my_env\Lib\site-packages\django\db\models\base.py", line 1220, in _do_insert
    return manager._insert(
           ~~~~~~~~~~~~~~~^
        [self],
        ^^^^^^^
    ...<3 lines>...
        raw=raw,
        ^^^^^^^^
    )
    ^
  File "C:\Users\USER\Desktop\veresiye\my_env\Lib\site-packages\django\db\models\manager.py", line 87, in manager_method
    return getattr(self.get_queryset(), name)(*args, **kwargs)
           ~~~~~~~~~~~~~~~~~~~~~~~~~~~~~~~~~~^^^^^^^^^^^^^^^^^
  File "C:\Users\USER\Desktop\veresiye\my_env\Lib\site-packages\django\db\models\query.py", line 1918, in _insert
    return query.get_compiler(using=using).execute_sql(returning_fields)
           ~~~~~~~~~~~~~~~~~~~~~~~~~~~~~~~~~~~~~~~~~~~^^^^^^^^^^^^^^^^^^
  File "C:\Users\USER\Desktop\veresiye\my_env\Lib\site-packages\django\db\models\sql\compiler.py", line 1925, in execute_sql
    cursor.execute(sql, params)
    ~~~~~~~~~~~~~~^^^^^^^^^^^^^
  File "C:\Users\USER\Desktop\veresiye\my_env\Lib\site-packages\django\db\backends\utils.py", line 122, in execute
    return super().execute(sql, params)
           ~~~~~~~~~~~~~~~^^^^^^^^^^^^^
  File "C:\Users\USER\Desktop\veresiye\my_env\Lib\site-packages\django\db\backends\utils.py", line 79, in execute
    return self._execute_with_wrappers(
           ~~~~~~~~~~~~~~~~~~~~~~~~~~~^
        sql, params, many=False, executor=self._execute
        ^^^^^^^^^^^^^^^^^^^^^^^^^^^^^^^^^^^^^^^^^^^^^^^
    )
    ^
  File "C:\Users\USER\Desktop\veresiye\my_env\Lib\site-packages\django\db\backends\utils.py", line 92, in _execute_with_wrappers
    return executor(sql, params, many, context)
  File "C:\Users\USER\Desktop\veresiye\my_env\Lib\site-packages\django\db\backends\utils.py", line 100, in _execute
    with self.db.wrap_database_errors:
         ^^^^^^^^^^^^^^^^^^^^^^^^^^^^
  File "C:\Users\USER\Desktop\veresiye\my_env\Lib\site-packages\django\db\utils.py", line 94, in __exit__
    raise dj_exc_value.with_traceback(traceback) from exc_value
  File "C:\Users\USER\Desktop\veresiye\my_env\Lib\site-packages\django\db\backends\utils.py", line 105, in _execute
    return self.cursor.execute(sql, params)
           ~~~~~~~~~~~~~~~~~~~^^^^^^^^^^^^^
  File "C:\Users\USER\Desktop\veresiye\my_env\Lib\site-packages\django\db\backends\sqlite3\base.py", line 359, in execute
    return super().execute(query, params)
           ~~~~~~~~~~~~~~~^^^^^^^^^^^^^^^
django.db.utils.IntegrityError: NOT NULL constraint failed: main_apartment.name
ERROR 2026-02-20 16:28:30,975 log 11168 6372 "GET /apartment/A1/ HTTP/1.1" 500 160005
ERROR 2026-02-20 16:28:31,960 log 11168 6372 Internal Server Error: /apartment/A1/
Traceback (most recent call last):
  File "C:\Users\USER\Desktop\veresiye\my_env\Lib\site-packages\django\db\backends\utils.py", line 105, in _execute
    return self.cursor.execute(sql, params)
           ~~~~~~~~~~~~~~~~~~~^^^^^^^^^^^^^
  File "C:\Users\USER\Desktop\veresiye\my_env\Lib\site-packages\django\db\backends\sqlite3\base.py", line 359, in execute
    return super().execute(query, params)
           ~~~~~~~~~~~~~~~^^^^^^^^^^^^^^^
sqlite3.IntegrityError: NOT NULL constraint failed: main_apartment.name

The above exception was the direct cause of the following exception:

Traceback (most recent call last):
  File "C:\Users\USER\Desktop\veresiye\my_env\Lib\site-packages\django\core\handlers\exception.py", line 55, in inner
    response = get_response(request)
  File "C:\Users\USER\Desktop\veresiye\my_env\Lib\site-packages\django\core\handlers\base.py", line 198, in _get_response
    response = wrapped_callback(request, *callback_args, **callback_kwargs)
  File "C:\Users\USER\Desktop\veresiye\veresiye\main\views.py", line 29, in apartment_detail
    apartment=Apartment.objects.create(number=apartment_number)
  File "C:\Users\USER\Desktop\veresiye\my_env\Lib\site-packages\django\db\models\manager.py", line 87, in manager_method
    return getattr(self.get_queryset(), name)(*args, **kwargs)
           ~~~~~~~~~~~~~~~~~~~~~~~~~~~~~~~~~~^^^^^^^^^^^^^^^^^
  File "C:\Users\USER\Desktop\veresiye\my_env\Lib\site-packages\django\db\models\query.py", line 669, in create
    obj.save(force_insert=True, using=self.db)
    ~~~~~~~~^^^^^^^^^^^^^^^^^^^^^^^^^^^^^^^^^^
  File "C:\Users\USER\Desktop\veresiye\my_env\Lib\site-packages\django\db\models\base.py", line 874, in save
    self.save_base(
    ~~~~~~~~~~~~~~^
        using=using,
        ^^^^^^^^^^^^
    ...<2 lines>...
        update_fields=update_fields,
        ^^^^^^^^^^^^^^^^^^^^^^^^^^^^
    )
    ^
  File "C:\Users\USER\Desktop\veresiye\my_env\Lib\site-packages\django\db\models\base.py", line 966, in save_base
    updated = self._save_table(
        raw,
    ...<4 lines>...
        update_fields,
    )
  File "C:\Users\USER\Desktop\veresiye\my_env\Lib\site-packages\django\db\models\base.py", line 1169, in _save_table
    results = self._do_insert(
        cls._base_manager, using, insert_fields, returning_fields, raw
    )
  File "C:\Users\USER\Desktop\veresiye\my_env\Lib\site-packages\django\db\models\base.py", line 1220, in _do_insert
    return manager._insert(
           ~~~~~~~~~~~~~~~^
        [self],
        ^^^^^^^
    ...<3 lines>...
        raw=raw,
        ^^^^^^^^
    )
    ^
  File "C:\Users\USER\Desktop\veresiye\my_env\Lib\site-packages\django\db\models\manager.py", line 87, in manager_method
    return getattr(self.get_queryset(), name)(*args, **kwargs)
           ~~~~~~~~~~~~~~~~~~~~~~~~~~~~~~~~~~^^^^^^^^^^^^^^^^^
  File "C:\Users\USER\Desktop\veresiye\my_env\Lib\site-packages\django\db\models\query.py", line 1918, in _insert
    return query.get_compiler(using=using).execute_sql(returning_fields)
           ~~~~~~~~~~~~~~~~~~~~~~~~~~~~~~~~~~~~~~~~~~~^^^^^^^^^^^^^^^^^^
  File "C:\Users\USER\Desktop\veresiye\my_env\Lib\site-packages\django\db\models\sql\compiler.py", line 1925, in execute_sql
    cursor.execute(sql, params)
    ~~~~~~~~~~~~~~^^^^^^^^^^^^^
  File "C:\Users\USER\Desktop\veresiye\my_env\Lib\site-packages\django\db\backends\utils.py", line 122, in execute
    return super().execute(sql, params)
           ~~~~~~~~~~~~~~~^^^^^^^^^^^^^
  File "C:\Users\USER\Desktop\veresiye\my_env\Lib\site-packages\django\db\backends\utils.py", line 79, in execute
    return self._execute_with_wrappers(
           ~~~~~~~~~~~~~~~~~~~~~~~~~~~^
        sql, params, many=False, executor=self._execute
        ^^^^^^^^^^^^^^^^^^^^^^^^^^^^^^^^^^^^^^^^^^^^^^^
    )
    ^
  File "C:\Users\USER\Desktop\veresiye\my_env\Lib\site-packages\django\db\backends\utils.py", line 92, in _execute_with_wrappers
    return executor(sql, params, many, context)
  File "C:\Users\USER\Desktop\veresiye\my_env\Lib\site-packages\django\db\backends\utils.py", line 100, in _execute
    with self.db.wrap_database_errors:
         ^^^^^^^^^^^^^^^^^^^^^^^^^^^^
  File "C:\Users\USER\Desktop\veresiye\my_env\Lib\site-packages\django\db\utils.py", line 94, in __exit__
    raise dj_exc_value.with_traceback(traceback) from exc_value
  File "C:\Users\USER\Desktop\veresiye\my_env\Lib\site-packages\django\db\backends\utils.py", line 105, in _execute
    return self.cursor.execute(sql, params)
           ~~~~~~~~~~~~~~~~~~~^^^^^^^^^^^^^
  File "C:\Users\USER\Desktop\veresiye\my_env\Lib\site-packages\django\db\backends\sqlite3\base.py", line 359, in execute
    return super().execute(query, params)
           ~~~~~~~~~~~~~~~^^^^^^^^^^^^^^^
django.db.utils.IntegrityError: NOT NULL constraint failed: main_apartment.name
ERROR 2026-02-20 16:28:31,997 log 11168 6372 "GET /apartment/A1/ HTTP/1.1" 500 160005
INFO 2026-02-20 16:28:35,396 log 11168 6372 "GET / HTTP/1.1" 200 76733
INFO 2026-02-20 16:28:43,695 autoreload 11168 5504 C:\Users\USER\Desktop\veresiye\veresiye\main\models.py changed, reloading.
INFO 2026-02-20 16:28:44,636 autoreload 10316 3296 Watching for file changes with StatReloader
INFO 2026-02-20 16:29:23,983 autoreload 9164 8124 Watching for file changes with StatReloader
INFO 2026-02-20 16:29:25,730 log 9164 1200 "GET / HTTP/1.1" 200 76733
INFO 2026-02-20 16:29:27,684 log 9164 1200 "GET /apartment/A1/ HTTP/1.1" 200 2669
INFO 2026-02-20 16:29:36,199 log 9164 1200 "GET /apartment/A3/ HTTP/1.1" 200 2669
INFO 2026-02-20 16:30:03,660 log 9164 12144 "GET /apartment/A3/ HTTP/1.1" 200 2667
INFO 2026-02-20 16:30:03,689 log 9164 12144 "GET /static/css/output.css HTTP/1.1" 304 0
INFO 2026-02-20 16:30:50,746 log 9164 12144 "GET /apartment/A3/ HTTP/1.1" 200 2816
INFO 2026-02-20 16:34:06,067 autoreload 9164 8124 C:\Users\USER\Desktop\veresiye\veresiye\main\views.py changed, reloading.
INFO 2026-02-20 16:34:06,801 autoreload 11880 6908 Watching for file changes with StatReloader
INFO 2026-02-20 16:34:33,123 autoreload 11880 6908 C:\Users\USER\Desktop\veresiye\veresiye\main\views.py changed, reloading.
INFO 2026-02-20 16:34:34,112 autoreload 1332 12004 Watching for file changes with StatReloader
ERROR 2026-02-20 16:35:19,642 log 1332 1060 Internal Server Error: /apartment/A3/
Traceback (most recent call last):
  File "C:\Users\USER\Desktop\veresiye\my_env\Lib\site-packages\django\core\handlers\exception.py", line 55, in inner
    response = get_response(request)
  File "C:\Users\USER\Desktop\veresiye\my_env\Lib\site-packages\django\core\handlers\base.py", line 198, in _get_response
    response = wrapped_callback(request, *callback_args, **callback_kwargs)
  File "C:\Users\USER\Desktop\veresiye\veresiye\main\views.py", line 31, in apartment_detail
    apartment.total_debt = apartment.total_debt()
                           ^^^^^^^^^^^^^^^^^^^^
AttributeError: 'Apartment' object has no attribute 'total_debt'
ERROR 2026-02-20 16:35:19,646 log 1332 1060 "GET /apartment/A3/ HTTP/1.1" 500 70499
INFO 2026-02-20 16:35:30,615 autoreload 1332 12004 C:\Users\USER\Desktop\veresiye\veresiye\main\models.py changed, reloading.
INFO 2026-02-20 16:35:31,471 autoreload 9488 2184 Watching for file changes with StatReloader
INFO 2026-02-20 16:35:46,509 autoreload 10412 11136 Watching for file changes with StatReloader
ERROR 2026-02-20 16:35:48,871 log 10412 10452 Internal Server Error: /apartment/A3/
Traceback (most recent call last):
  File "C:\Users\USER\Desktop\veresiye\my_env\Lib\site-packages\django\core\handlers\exception.py", line 55, in inner
    response = get_response(request)
  File "C:\Users\USER\Desktop\veresiye\my_env\Lib\site-packages\django\core\handlers\base.py", line 198, in _get_response
    response = wrapped_callback(request, *callback_args, **callback_kwargs)
  File "C:\Users\USER\Desktop\veresiye\veresiye\main\views.py", line 31, in apartment_detail
    apartment.total_debt = apartment.total_debt()
                           ^^^^^^^^^^^^^^^^^^^^
AttributeError: 'Apartment' object has no attribute 'total_debt'
ERROR 2026-02-20 16:35:48,874 log 10412 10452 "GET /apartment/A3/ HTTP/1.1" 500 70499
INFO 2026-02-20 16:35:52,143 log 10412 10452 "GET / HTTP/1.1" 200 76733
INFO 2026-02-20 16:35:52,229 log 10412 10452 "GET /static/css/output.css HTTP/1.1" 200 90896
ERROR 2026-02-20 16:35:54,645 log 10412 10452 Internal Server Error: /apartment/A3/
Traceback (most recent call last):
  File "C:\Users\USER\Desktop\veresiye\my_env\Lib\site-packages\django\core\handlers\exception.py", line 55, in inner
    response = get_response(request)
  File "C:\Users\USER\Desktop\veresiye\my_env\Lib\site-packages\django\core\handlers\base.py", line 198, in _get_response
    response = wrapped_callback(request, *callback_args, **callback_kwargs)
  File "C:\Users\USER\Desktop\veresiye\veresiye\main\views.py", line 31, in apartment_detail
    apartment.total_debt = apartment.total_debt()
                           ^^^^^^^^^^^^^^^^^^^^
AttributeError: 'Apartment' object has no attribute 'total_debt'
ERROR 2026-02-20 16:35:54,651 log 10412 10452 "GET /apartment/A3/ HTTP/1.1" 500 70362
INFO 2026-02-20 16:37:13,651 autoreload 10412 11136 C:\Users\USER\Desktop\veresiye\veresiye\main\views.py changed, reloading.
INFO 2026-02-20 16:37:14,560 autoreload 11016 9104 Watching for file changes with StatReloader
ERROR 2026-02-20 16:37:15,614 log 11016 3980 Internal Server Error: /apartment/A3/
Traceback (most recent call last):
  File "C:\Users\USER\Desktop\veresiye\my_env\Lib\site-packages\django\core\handlers\exception.py", line 55, in inner
    response = get_response(request)
  File "C:\Users\USER\Desktop\veresiye\my_env\Lib\site-packages\django\core\handlers\base.py", line 198, in _get_response
    response = wrapped_callback(request, *callback_args, **callback_kwargs)
  File "C:\Users\USER\Desktop\veresiye\veresiye\main\views.py", line 31, in apartment_detail
    apartment.total_debt = apartment.transactions.total_debt()
                           ^^^^^^^^^^^^^^^^^^^^^^^^^^^^^^^^^
AttributeError: 'QuerySet' object has no attribute 'total_debt'
ERROR 2026-02-20 16:37:15,621 log 11016 3980 "GET /apartment/A3/ HTTP/1.1" 500 70560
ERROR 2026-02-20 16:37:16,573 log 11016 3980 Internal Server Error: /apartment/A3/
Traceback (most recent call last):
  File "C:\Users\USER\Desktop\veresiye\my_env\Lib\site-packages\django\core\handlers\exception.py", line 55, in inner
    response = get_response(request)
  File "C:\Users\USER\Desktop\veresiye\my_env\Lib\site-packages\django\core\handlers\base.py", line 198, in _get_response
    response = wrapped_callback(request, *callback_args, **callback_kwargs)
  File "C:\Users\USER\Desktop\veresiye\veresiye\main\views.py", line 31, in apartment_detail
    apartment.total_debt = apartment.transactions.total_debt()
                           ^^^^^^^^^^^^^^^^^^^^^^^^^^^^^^^^^
AttributeError: 'QuerySet' object has no attribute 'total_debt'
ERROR 2026-02-20 16:37:16,576 log 11016 3980 "GET /apartment/A3/ HTTP/1.1" 500 70560
INFO 2026-02-20 16:38:52,293 autoreload 11016 9104 C:\Users\USER\Desktop\veresiye\veresiye\main\models.py changed, reloading.
INFO 2026-02-20 16:38:53,226 autoreload 840 5544 Watching for file changes with StatReloader
INFO 2026-02-20 16:39:11,340 autoreload 840 5544 C:\Users\USER\Desktop\veresiye\veresiye\main\views.py changed, reloading.
INFO 2026-02-20 16:39:12,085 autoreload 3460 7888 Watching for file changes with StatReloader
ERROR 2026-02-20 16:39:15,053 log 3460 2668 Internal Server Error: /apartment/A3/
Traceback (most recent call last):
  File "C:\Users\USER\Desktop\veresiye\my_env\Lib\site-packages\django\core\handlers\exception.py", line 55, in inner
    response = get_response(request)
  File "C:\Users\USER\Desktop\veresiye\my_env\Lib\site-packages\django\core\handlers\base.py", line 198, in _get_response
    response = wrapped_callback(request, *callback_args, **callback_kwargs)
  File "C:\Users\USER\Desktop\veresiye\veresiye\main\views.py", line 40, in apartment_detail
    return render(request, 'apartment_detail.html', context)
  File "C:\Users\USER\Desktop\veresiye\my_env\Lib\site-packages\django\shortcuts.py", line 25, in render
    content = loader.render_to_string(template_name, context, request, using=using)
  File "C:\Users\USER\Desktop\veresiye\my_env\Lib\site-packages\django\template\loader.py", line 61, in render_to_string
    template = get_template(template_name, using=using)
  File "C:\Users\USER\Desktop\veresiye\my_env\Lib\site-packages\django\template\loader.py", line 15, in get_template
    return engine.get_template(template_name)
           ~~~~~~~~~~~~~~~~~~~^^^^^^^^^^^^^^^
  File "C:\Users\USER\Desktop\veresiye\my_env\Lib\site-packages\django\template\backends\django.py", line 79, in get_template
    return Template(self.engine.get_template(template_name), self)
                    ~~~~~~~~~~~~~~~~~~~~~~~~^^^^^^^^^^^^^^^
  File "C:\Users\USER\Desktop\veresiye\my_env\Lib\site-packages\django\template\engine.py", line 186, in get_template
    template, origin = self.find_template(template_name)
                       ~~~~~~~~~~~~~~~~~~^^^^^^^^^^^^^^^
  File "C:\Users\USER\Desktop\veresiye\my_env\Lib\site-packages\django\template\engine.py", line 159, in find_template
    template = loader.get_template(name, skip=skip)
  File "C:\Users\USER\Desktop\veresiye\my_env\Lib\site-packages\django\template\loaders\cached.py", line 57, in get_template
    template = super().get_template(template_name, skip)
  File "C:\Users\USER\Desktop\veresiye\my_env\Lib\site-packages\django\template\loaders\base.py", line 28, in get_template
    return Template(
        contents,
    ...<2 lines>...
        self.engine,
    )
  File "C:\Users\USER\Desktop\veresiye\my_env\Lib\site-packages\django\template\base.py", line 157, in __init__
    self.nodelist = self.compile_nodelist()
                    ~~~~~~~~~~~~~~~~~~~~~^^
  File "C:\Users\USER\Desktop\veresiye\my_env\Lib\site-packages\django\template\base.py", line 199, in compile_nodelist
    nodelist = parser.parse()
  File "C:\Users\USER\Desktop\veresiye\my_env\Lib\site-packages\django\template\base.py", line 585, in parse
    raise self.error(token, e)
  File "C:\Users\USER\Desktop\veresiye\my_env\Lib\site-packages\django\template\base.py", line 583, in parse
    compiled_result = compile_func(self, token)
  File "C:\Users\USER\Desktop\veresiye\my_env\Lib\site-packages\django\template\loader_tags.py", line 307, in do_extends
    nodelist = parser.parse()
  File "C:\Users\USER\Desktop\veresiye\my_env\Lib\site-packages\django\template\base.py", line 585, in parse
    raise self.error(token, e)
  File "C:\Users\USER\Desktop\veresiye\my_env\Lib\site-packages\django\template\base.py", line 583, in parse
    compiled_result = compile_func(self, token)
  File "C:\Users\USER\Desktop\veresiye\my_env\Lib\site-packages\django\template\loader_tags.py", line 235, in do_block
    nodelist = parser.parse(("endblock",))
  File "C:\Users\USER\Desktop\veresiye\my_env\Lib\site-packages\django\template\base.py", line 585, in parse
    raise self.error(token, e)
  File "C:\Users\USER\Desktop\veresiye\my_env\Lib\site-packages\django\template\base.py", line 583, in parse
    compiled_result = compile_func(self, token)
  File "C:\Users\USER\Desktop\veresiye\my_env\Lib\site-packages\django\template\defaulttags.py", line 894, in do_for
    nodelist_loop = parser.parse(
        (
    ...<2 lines>...
        )
    )
  File "C:\Users\USER\Desktop\veresiye\my_env\Lib\site-packages\django\template\base.py", line 556, in parse
    raise self.error(token, e)
  File "C:\Users\USER\Desktop\veresiye\my_env\Lib\site-packages\django\template\base.py", line 554, in parse
    filter_expression = self.compile_filter(token.contents)
  File "C:\Users\USER\Desktop\veresiye\my_env\Lib\site-packages\django\template\base.py", line 676, in compile_filter
    return FilterExpression(token, self)
  File "C:\Users\USER\Desktop\veresiye\my_env\Lib\site-packages\django\template\base.py", line 776, in __init__
    raise TemplateSyntaxError(
    ...<2 lines>...
    )
django.template.exceptions.TemplateSyntaxError: Template: C:\Users\USER\Desktop\veresiye\veresiye\main\templates\apartment_detail.html, Could not parse the remainder: ' if transaction.is_debt else "Ödeme"' from '"Borç" if transaction.is_debt else "Ödeme"'
ERROR 2026-02-20 16:39:15,083 log 3460 2668 "GET /apartment/A3/ HTTP/1.1" 500 205739
INFO 2026-02-20 17:02:58,774 autoreload 3460 7888 C:\Users\USER\Desktop\veresiye\veresiye\main\views.py changed, reloading.
INFO 2026-02-20 17:02:59,537 autoreload 8032 10136 Watching for file changes with StatReloader
ERROR 2026-02-20 17:03:19,426 log 8032 7888 Internal Server Error: /apartment/A3/
Traceback (most recent call last):
  File "C:\Users\USER\Desktop\veresiye\my_env\Lib\site-packages\django\core\handlers\exception.py", line 55, in inner
    response = get_response(request)
  File "C:\Users\USER\Desktop\veresiye\my_env\Lib\site-packages\django\core\handlers\base.py", line 198, in _get_response
    response = wrapped_callback(request, *callback_args, **callback_kwargs)
  File "C:\Users\USER\Desktop\veresiye\veresiye\main\views.py", line 41, in apartment_detail
    return render(request, 'apartment_detail.html', context)
  File "C:\Users\USER\Desktop\veresiye\my_env\Lib\site-packages\django\shortcuts.py", line 25, in render
    content = loader.render_to_string(template_name, context, request, using=using)
  File "C:\Users\USER\Desktop\veresiye\my_env\Lib\site-packages\django\template\loader.py", line 61, in render_to_string
    template = get_template(template_name, using=using)
  File "C:\Users\USER\Desktop\veresiye\my_env\Lib\site-packages\django\template\loader.py", line 15, in get_template
    return engine.get_template(template_name)
           ~~~~~~~~~~~~~~~~~~~^^^^^^^^^^^^^^^
  File "C:\Users\USER\Desktop\veresiye\my_env\Lib\site-packages\django\template\backends\django.py", line 79, in get_template
    return Template(self.engine.get_template(template_name), self)
                    ~~~~~~~~~~~~~~~~~~~~~~~~^^^^^^^^^^^^^^^
  File "C:\Users\USER\Desktop\veresiye\my_env\Lib\site-packages\django\template\engine.py", line 186, in get_template
    template, origin = self.find_template(template_name)
                       ~~~~~~~~~~~~~~~~~~^^^^^^^^^^^^^^^
  File "C:\Users\USER\Desktop\veresiye\my_env\Lib\site-packages\django\template\engine.py", line 159, in find_template
    template = loader.get_template(name, skip=skip)
  File "C:\Users\USER\Desktop\veresiye\my_env\Lib\site-packages\django\template\loaders\cached.py", line 57, in get_template
    template = super().get_template(template_name, skip)
  File "C:\Users\USER\Desktop\veresiye\my_env\Lib\site-packages\django\template\loaders\base.py", line 28, in get_template
    return Template(
        contents,
    ...<2 lines>...
        self.engine,
    )
  File "C:\Users\USER\Desktop\veresiye\my_env\Lib\site-packages\django\template\base.py", line 157, in __init__
    self.nodelist = self.compile_nodelist()
                    ~~~~~~~~~~~~~~~~~~~~~^^
  File "C:\Users\USER\Desktop\veresiye\my_env\Lib\site-packages\django\template\base.py", line 199, in compile_nodelist
    nodelist = parser.parse()
  File "C:\Users\USER\Desktop\veresiye\my_env\Lib\site-packages\django\template\base.py", line 585, in parse
    raise self.error(token, e)
  File "C:\Users\USER\Desktop\veresiye\my_env\Lib\site-packages\django\template\base.py", line 583, in parse
    compiled_result = compile_func(self, token)
  File "C:\Users\USER\Desktop\veresiye\my_env\Lib\site-packages\django\template\loader_tags.py", line 307, in do_extends
    nodelist = parser.parse()
  File "C:\Users\USER\Desktop\veresiye\my_env\Lib\site-packages\django\template\base.py", line 585, in parse
    raise self.error(token, e)
  File "C:\Users\USER\Desktop\veresiye\my_env\Lib\site-packages\django\template\base.py", line 583, in parse
    compiled_result = compile_func(self, token)
  File "C:\Users\USER\Desktop\veresiye\my_env\Lib\site-packages\django\template\loader_tags.py", line 235, in do_block
    nodelist = parser.parse(("endblock",))
  File "C:\Users\USER\Desktop\veresiye\my_env\Lib\site-packages\django\template\base.py", line 585, in parse
    raise self.error(token, e)
  File "C:\Users\USER\Desktop\veresiye\my_env\Lib\site-packages\django\template\base.py", line 583, in parse
    compiled_result = compile_func(self, token)
  File "C:\Users\USER\Desktop\veresiye\my_env\Lib\site-packages\django\template\defaulttags.py", line 894, in do_for
    nodelist_loop = parser.parse(
        (
    ...<2 lines>...
        )
    )
  File "C:\Users\USER\Desktop\veresiye\my_env\Lib\site-packages\django\template\base.py", line 556, in parse
    raise self.error(token, e)
  File "C:\Users\USER\Desktop\veresiye\my_env\Lib\site-packages\django\template\base.py", line 554, in parse
    filter_expression = self.compile_filter(token.contents)
  File "C:\Users\USER\Desktop\veresiye\my_env\Lib\site-packages\django\template\base.py", line 676, in compile_filter
    return FilterExpression(token, self)
  File "C:\Users\USER\Desktop\veresiye\my_env\Lib\site-packages\django\template\base.py", line 776, in __init__
    raise TemplateSyntaxError(
    ...<2 lines>...
    )
django.template.exceptions.TemplateSyntaxError: Template: C:\Users\USER\Desktop\veresiye\veresiye\main\templates\apartment_detail.html, Could not parse the remainder: ' if transaction.is_debt else "Ödeme"' from '"Borç" if transaction.is_debt else "Ödeme"'
ERROR 2026-02-20 17:03:19,454 log 8032 7888 "GET /apartment/A3/ HTTP/1.1" 500 205669
INFO 2026-02-20 17:04:20,874 autoreload 8032 10136 C:\Users\USER\Desktop\veresiye\veresiye\main\models.py changed, reloading.
INFO 2026-02-20 17:04:21,645 autoreload 11536 10756 Watching for file changes with StatReloader
INFO 2026-02-20 17:04:37,691 autoreload 11536 10756 C:\Users\USER\Desktop\veresiye\veresiye\main\views.py changed, reloading.
INFO 2026-02-20 17:04:38,523 autoreload 11424 9528 Watching for file changes with StatReloader
ERROR 2026-02-20 17:06:49,853 log 11424 1728 Internal Server Error: /apartment/A3/
Traceback (most recent call last):
  File "C:\Users\USER\Desktop\veresiye\my_env\Lib\site-packages\django\core\handlers\exception.py", line 55, in inner
    response = get_response(request)
  File "C:\Users\USER\Desktop\veresiye\my_env\Lib\site-packages\django\core\handlers\base.py", line 198, in _get_response
    response = wrapped_callback(request, *callback_args, **callback_kwargs)
  File "C:\Users\USER\Desktop\veresiye\veresiye\main\views.py", line 33, in apartment_detail
    apartment.total_balance = apartment.total_balance()
                              ~~~~~~~~~~~~~~~~~~~~~~~^^
  File "C:\Users\USER\Desktop\veresiye\veresiye\main\models.py", line 21, in total_balance
    return self.total_debt() - self.total_payment()
           ~~~~~~~~~~~~~~~^^
TypeError: 'int' object is not callable
ERROR 2026-02-20 17:06:49,857 log 11424 1728 "GET /apartment/A3/ HTTP/1.1" 500 73900
INFO 2026-02-20 17:07:19,386 autoreload 11424 9528 C:\Users\USER\Desktop\veresiye\veresiye\main\models.py changed, reloading.
INFO 2026-02-20 17:07:20,319 autoreload 1476 5480 Watching for file changes with StatReloader
ERROR 2026-02-20 17:07:21,746 log 1476 10496 Internal Server Error: /apartment/A3/
Traceback (most recent call last):
  File "C:\Users\USER\Desktop\veresiye\my_env\Lib\site-packages\django\core\handlers\exception.py", line 55, in inner
    response = get_response(request)
  File "C:\Users\USER\Desktop\veresiye\my_env\Lib\site-packages\django\core\handlers\base.py", line 198, in _get_response
    response = wrapped_callback(request, *callback_args, **callback_kwargs)
  File "C:\Users\USER\Desktop\veresiye\veresiye\main\views.py", line 41, in apartment_detail
    return render(request, 'apartment_detail.html', context)
  File "C:\Users\USER\Desktop\veresiye\my_env\Lib\site-packages\django\shortcuts.py", line 25, in render
    content = loader.render_to_string(template_name, context, request, using=using)
  File "C:\Users\USER\Desktop\veresiye\my_env\Lib\site-packages\django\template\loader.py", line 61, in render_to_string
    template = get_template(template_name, using=using)
  File "C:\Users\USER\Desktop\veresiye\my_env\Lib\site-packages\django\template\loader.py", line 15, in get_template
    return engine.get_template(template_name)
           ~~~~~~~~~~~~~~~~~~~^^^^^^^^^^^^^^^
  File "C:\Users\USER\Desktop\veresiye\my_env\Lib\site-packages\django\template\backends\django.py", line 79, in get_template
    return Template(self.engine.get_template(template_name), self)
                    ~~~~~~~~~~~~~~~~~~~~~~~~^^^^^^^^^^^^^^^
  File "C:\Users\USER\Desktop\veresiye\my_env\Lib\site-packages\django\template\engine.py", line 186, in get_template
    template, origin = self.find_template(template_name)
                       ~~~~~~~~~~~~~~~~~~^^^^^^^^^^^^^^^
  File "C:\Users\USER\Desktop\veresiye\my_env\Lib\site-packages\django\template\engine.py", line 159, in find_template
    template = loader.get_template(name, skip=skip)
  File "C:\Users\USER\Desktop\veresiye\my_env\Lib\site-packages\django\template\loaders\cached.py", line 57, in get_template
    template = super().get_template(template_name, skip)
  File "C:\Users\USER\Desktop\veresiye\my_env\Lib\site-packages\django\template\loaders\base.py", line 28, in get_template
    return Template(
        contents,
    ...<2 lines>...
        self.engine,
    )
  File "C:\Users\USER\Desktop\veresiye\my_env\Lib\site-packages\django\template\base.py", line 157, in __init__
    self.nodelist = self.compile_nodelist()
                    ~~~~~~~~~~~~~~~~~~~~~^^
  File "C:\Users\USER\Desktop\veresiye\my_env\Lib\site-packages\django\template\base.py", line 199, in compile_nodelist
    nodelist = parser.parse()
  File "C:\Users\USER\Desktop\veresiye\my_env\Lib\site-packages\django\template\base.py", line 585, in parse
    raise self.error(token, e)
  File "C:\Users\USER\Desktop\veresiye\my_env\Lib\site-packages\django\template\base.py", line 583, in parse
    compiled_result = compile_func(self, token)
  File "C:\Users\USER\Desktop\veresiye\my_env\Lib\site-packages\django\template\loader_tags.py", line 307, in do_extends
    nodelist = parser.parse()
  File "C:\Users\USER\Desktop\veresiye\my_env\Lib\site-packages\django\template\base.py", line 585, in parse
    raise self.error(token, e)
  File "C:\Users\USER\Desktop\veresiye\my_env\Lib\site-packages\django\template\base.py", line 583, in parse
    compiled_result = compile_func(self, token)
  File "C:\Users\USER\Desktop\veresiye\my_env\Lib\site-packages\django\template\loader_tags.py", line 235, in do_block
    nodelist = parser.parse(("endblock",))
  File "C:\Users\USER\Desktop\veresiye\my_env\Lib\site-packages\django\template\base.py", line 585, in parse
    raise self.error(token, e)
  File "C:\Users\USER\Desktop\veresiye\my_env\Lib\site-packages\django\template\base.py", line 583, in parse
    compiled_result = compile_func(self, token)
  File "C:\Users\USER\Desktop\veresiye\my_env\Lib\site-packages\django\template\defaulttags.py", line 894, in do_for
    nodelist_loop = parser.parse(
        (
    ...<2 lines>...
        )
    )
  File "C:\Users\USER\Desktop\veresiye\my_env\Lib\site-packages\django\template\base.py", line 556, in parse
    raise self.error(token, e)
  File "C:\Users\USER\Desktop\veresiye\my_env\Lib\site-packages\django\template\base.py", line 554, in parse
    filter_expression = self.compile_filter(token.contents)
  File "C:\Users\USER\Desktop\veresiye\my_env\Lib\site-packages\django\template\base.py", line 676, in compile_filter
    return FilterExpression(token, self)
  File "C:\Users\USER\Desktop\veresiye\my_env\Lib\site-packages\django\template\base.py", line 776, in __init__
    raise TemplateSyntaxError(
    ...<2 lines>...
    )
django.template.exceptions.TemplateSyntaxError: Template: C:\Users\USER\Desktop\veresiye\veresiye\main\templates\apartment_detail.html, Could not parse the remainder: ' if transaction.is_debt "Borc" else "Ödeme"' from '"Borç" if transaction.is_debt "Borc" else "Ödeme"'
ERROR 2026-02-20 17:07:21,776 log 1476 10496 "GET /apartment/A3/ HTTP/1.1" 500 206026
ERROR 2026-02-20 17:08:32,671 log 1476 10496 Internal Server Error: /apartment/A3/
Traceback (most recent call last):
  File "C:\Users\USER\Desktop\veresiye\my_env\Lib\site-packages\django\core\handlers\exception.py", line 55, in inner
    response = get_response(request)
  File "C:\Users\USER\Desktop\veresiye\my_env\Lib\site-packages\django\core\handlers\base.py", line 198, in _get_response
    response = wrapped_callback(request, *callback_args, **callback_kwargs)
  File "C:\Users\USER\Desktop\veresiye\veresiye\main\views.py", line 41, in apartment_detail
    return render(request, 'apartment_detail.html', context)
  File "C:\Users\USER\Desktop\veresiye\my_env\Lib\site-packages\django\shortcuts.py", line 25, in render
    content = loader.render_to_string(template_name, context, request, using=using)
  File "C:\Users\USER\Desktop\veresiye\my_env\Lib\site-packages\django\template\loader.py", line 61, in render_to_string
    template = get_template(template_name, using=using)
  File "C:\Users\USER\Desktop\veresiye\my_env\Lib\site-packages\django\template\loader.py", line 15, in get_template
    return engine.get_template(template_name)
           ~~~~~~~~~~~~~~~~~~~^^^^^^^^^^^^^^^
  File "C:\Users\USER\Desktop\veresiye\my_env\Lib\site-packages\django\template\backends\django.py", line 79, in get_template
    return Template(self.engine.get_template(template_name), self)
                    ~~~~~~~~~~~~~~~~~~~~~~~~^^^^^^^^^^^^^^^
  File "C:\Users\USER\Desktop\veresiye\my_env\Lib\site-packages\django\template\engine.py", line 186, in get_template
    template, origin = self.find_template(template_name)
                       ~~~~~~~~~~~~~~~~~~^^^^^^^^^^^^^^^
  File "C:\Users\USER\Desktop\veresiye\my_env\Lib\site-packages\django\template\engine.py", line 159, in find_template
    template = loader.get_template(name, skip=skip)
  File "C:\Users\USER\Desktop\veresiye\my_env\Lib\site-packages\django\template\loaders\cached.py", line 57, in get_template
    template = super().get_template(template_name, skip)
  File "C:\Users\USER\Desktop\veresiye\my_env\Lib\site-packages\django\template\loaders\base.py", line 28, in get_template
    return Template(
        contents,
    ...<2 lines>...
        self.engine,
    )
  File "C:\Users\USER\Desktop\veresiye\my_env\Lib\site-packages\django\template\base.py", line 157, in __init__
    self.nodelist = self.compile_nodelist()
                    ~~~~~~~~~~~~~~~~~~~~~^^
  File "C:\Users\USER\Desktop\veresiye\my_env\Lib\site-packages\django\template\base.py", line 199, in compile_nodelist
    nodelist = parser.parse()
  File "C:\Users\USER\Desktop\veresiye\my_env\Lib\site-packages\django\template\base.py", line 585, in parse
    raise self.error(token, e)
  File "C:\Users\USER\Desktop\veresiye\my_env\Lib\site-packages\django\template\base.py", line 583, in parse
    compiled_result = compile_func(self, token)
  File "C:\Users\USER\Desktop\veresiye\my_env\Lib\site-packages\django\template\loader_tags.py", line 307, in do_extends
    nodelist = parser.parse()
  File "C:\Users\USER\Desktop\veresiye\my_env\Lib\site-packages\django\template\base.py", line 585, in parse
    raise self.error(token, e)
  File "C:\Users\USER\Desktop\veresiye\my_env\Lib\site-packages\django\template\base.py", line 583, in parse
    compiled_result = compile_func(self, token)
  File "C:\Users\USER\Desktop\veresiye\my_env\Lib\site-packages\django\template\loader_tags.py", line 235, in do_block
    nodelist = parser.parse(("endblock",))
  File "C:\Users\USER\Desktop\veresiye\my_env\Lib\site-packages\django\template\base.py", line 585, in parse
    raise self.error(token, e)
  File "C:\Users\USER\Desktop\veresiye\my_env\Lib\site-packages\django\template\base.py", line 583, in parse
    compiled_result = compile_func(self, token)
  File "C:\Users\USER\Desktop\veresiye\my_env\Lib\site-packages\django\template\defaulttags.py", line 894, in do_for
    nodelist_loop = parser.parse(
        (
    ...<2 lines>...
        )
    )
  File "C:\Users\USER\Desktop\veresiye\my_env\Lib\site-packages\django\template\base.py", line 556, in parse
    raise self.error(token, e)
  File "C:\Users\USER\Desktop\veresiye\my_env\Lib\site-packages\django\template\base.py", line 554, in parse
    filter_expression = self.compile_filter(token.contents)
  File "C:\Users\USER\Desktop\veresiye\my_env\Lib\site-packages\django\template\base.py", line 676, in compile_filter
    return FilterExpression(token, self)
  File "C:\Users\USER\Desktop\veresiye\my_env\Lib\site-packages\django\template\base.py", line 776, in __init__
    raise TemplateSyntaxError(
    ...<2 lines>...
    )
django.template.exceptions.TemplateSyntaxError: Template: C:\Users\USER\Desktop\veresiye\veresiye\main\templates\apartment_detail.html, Could not parse the remainder: ' if transaction.is_debt else "Ödeme"' from '"Borç" if transaction.is_debt else "Ödeme"'
ERROR 2026-02-20 17:08:32,693 log 1476 10496 "GET /apartment/A3/ HTTP/1.1" 500 205738
ERROR 2026-02-20 17:09:00,151 log 1476 10496 Internal Server Error: /apartment/A3/
Traceback (most recent call last):
  File "C:\Users\USER\Desktop\veresiye\my_env\Lib\site-packages\django\core\handlers\exception.py", line 55, in inner
    response = get_response(request)
  File "C:\Users\USER\Desktop\veresiye\my_env\Lib\site-packages\django\core\handlers\base.py", line 198, in _get_response
    response = wrapped_callback(request, *callback_args, **callback_kwargs)
  File "C:\Users\USER\Desktop\veresiye\veresiye\main\views.py", line 41, in apartment_detail
    return render(request, 'apartment_detail.html', context)
  File "C:\Users\USER\Desktop\veresiye\my_env\Lib\site-packages\django\shortcuts.py", line 25, in render
    content = loader.render_to_string(template_name, context, request, using=using)
  File "C:\Users\USER\Desktop\veresiye\my_env\Lib\site-packages\django\template\loader.py", line 61, in render_to_string
    template = get_template(template_name, using=using)
  File "C:\Users\USER\Desktop\veresiye\my_env\Lib\site-packages\django\template\loader.py", line 15, in get_template
    return engine.get_template(template_name)
           ~~~~~~~~~~~~~~~~~~~^^^^^^^^^^^^^^^
  File "C:\Users\USER\Desktop\veresiye\my_env\Lib\site-packages\django\template\backends\django.py", line 79, in get_template
    return Template(self.engine.get_template(template_name), self)
                    ~~~~~~~~~~~~~~~~~~~~~~~~^^^^^^^^^^^^^^^
  File "C:\Users\USER\Desktop\veresiye\my_env\Lib\site-packages\django\template\engine.py", line 186, in get_template
    template, origin = self.find_template(template_name)
                       ~~~~~~~~~~~~~~~~~~^^^^^^^^^^^^^^^
  File "C:\Users\USER\Desktop\veresiye\my_env\Lib\site-packages\django\template\engine.py", line 159, in find_template
    template = loader.get_template(name, skip=skip)
  File "C:\Users\USER\Desktop\veresiye\my_env\Lib\site-packages\django\template\loaders\cached.py", line 57, in get_template
    template = super().get_template(template_name, skip)
  File "C:\Users\USER\Desktop\veresiye\my_env\Lib\site-packages\django\template\loaders\base.py", line 28, in get_template
    return Template(
        contents,
    ...<2 lines>...
        self.engine,
    )
  File "C:\Users\USER\Desktop\veresiye\my_env\Lib\site-packages\django\template\base.py", line 157, in __init__
    self.nodelist = self.compile_nodelist()
                    ~~~~~~~~~~~~~~~~~~~~~^^
  File "C:\Users\USER\Desktop\veresiye\my_env\Lib\site-packages\django\template\base.py", line 199, in compile_nodelist
    nodelist = parser.parse()
  File "C:\Users\USER\Desktop\veresiye\my_env\Lib\site-packages\django\template\base.py", line 585, in parse
    raise self.error(token, e)
  File "C:\Users\USER\Desktop\veresiye\my_env\Lib\site-packages\django\template\base.py", line 583, in parse
    compiled_result = compile_func(self, token)
  File "C:\Users\USER\Desktop\veresiye\my_env\Lib\site-packages\django\template\loader_tags.py", line 307, in do_extends
    nodelist = parser.parse()
  File "C:\Users\USER\Desktop\veresiye\my_env\Lib\site-packages\django\template\base.py", line 585, in parse
    raise self.error(token, e)
  File "C:\Users\USER\Desktop\veresiye\my_env\Lib\site-packages\django\template\base.py", line 583, in parse
    compiled_result = compile_func(self, token)
  File "C:\Users\USER\Desktop\veresiye\my_env\Lib\site-packages\django\template\loader_tags.py", line 235, in do_block
    nodelist = parser.parse(("endblock",))
  File "C:\Users\USER\Desktop\veresiye\my_env\Lib\site-packages\django\template\base.py", line 585, in parse
    raise self.error(token, e)
  File "C:\Users\USER\Desktop\veresiye\my_env\Lib\site-packages\django\template\base.py", line 583, in parse
    compiled_result = compile_func(self, token)
  File "C:\Users\USER\Desktop\veresiye\my_env\Lib\site-packages\django\template\defaulttags.py", line 894, in do_for
    nodelist_loop = parser.parse(
        (
    ...<2 lines>...
        )
    )
  File "C:\Users\USER\Desktop\veresiye\my_env\Lib\site-packages\django\template\base.py", line 556, in parse
    raise self.error(token, e)
  File "C:\Users\USER\Desktop\veresiye\my_env\Lib\site-packages\django\template\base.py", line 554, in parse
    filter_expression = self.compile_filter(token.contents)
  File "C:\Users\USER\Desktop\veresiye\my_env\Lib\site-packages\django\template\base.py", line 676, in compile_filter
    return FilterExpression(token, self)
  File "C:\Users\USER\Desktop\veresiye\my_env\Lib\site-packages\django\template\base.py", line 776, in __init__
    raise TemplateSyntaxError(
    ...<2 lines>...
    )
django.template.exceptions.TemplateSyntaxError: Template: C:\Users\USER\Desktop\veresiye\veresiye\main\templates\apartment_detail.html, Could not parse the remainder: ' if transaction.is_debt else 'Ödeme'' from ''Borç' if transaction.is_debt else 'Ödeme''
ERROR 2026-02-20 17:09:00,169 log 1476 10496 "GET /apartment/A3/ HTTP/1.1" 500 205730
INFO 2026-02-20 17:10:13,193 log 1476 10496 "GET /apartment/A3/ HTTP/1.1" 200 3447
INFO 2026-02-20 17:10:13,220 log 1476 10496 "GET /static/css/output.css HTTP/1.1" 304 0
INFO 2026-02-20 17:16:43,765 log 1476 1848 "GET /apartment/A3/ HTTP/1.1" 200 3447
INFO 2026-02-20 17:16:43,787 log 1476 1848 "GET /static/css/output.css HTTP/1.1" 304 0
INFO 2026-02-20 17:16:49,127 log 1476 1848 "GET /apartment/A2/ HTTP/1.1" 200 3447
INFO 2026-02-20 17:16:51,958 log 1476 1848 "GET /apartment/A3/ HTTP/1.1" 200 3447
WARNING 2026-02-20 17:17:02,461 log 1476 1848 Not Found: /.well-known/appspecific/com.chrome.devtools.json
WARNING 2026-02-20 17:17:02,462 log 1476 1848 "GET /.well-known/appspecific/com.chrome.devtools.json HTTP/1.1" 404 3119
INFO 2026-02-20 18:24:08,814 autoreload 2468 11544 Watching for file changes with StatReloader
INFO 2026-02-20 18:24:14,276 log 2468 11108 "GET / HTTP/1.1" 200 76733
INFO 2026-02-20 18:24:14,502 log 2468 11284 "GET / HTTP/1.1" 200 76733
INFO 2026-02-20 18:24:14,598 log 2468 11636 "GET /static/css/output.css HTTP/1.1" 200 62700
WARNING 2026-02-20 18:24:14,786 log 2468 11636 Not Found: /favicon.ico
WARNING 2026-02-20 18:24:14,792 log 2468 11636 "GET /favicon.ico HTTP/1.1" 404 3008
WARNING 2026-02-20 18:24:14,820 log 2468 11636 Not Found: /favicon.ico
WARNING 2026-02-20 18:24:14,823 log 2468 11636 "GET /favicon.ico HTTP/1.1" 404 3008
INFO 2026-02-20 18:24:17,513 log 2468 4032 "GET /apartment/A3/ HTTP/1.1" 200 3447
INFO 2026-02-20 18:28:57,418 log 2468 9840 "GET /apartment/A3/ HTTP/1.1" 200 3462
INFO 2026-02-20 18:28:57,449 log 2468 9840 "GET /static/css/output.css HTTP/1.1" 200 90511
INFO 2026-02-20 18:29:18,331 log 2468 9840 "GET /apartment/A3/ HTTP/1.1" 200 4092
INFO 2026-02-20 18:29:18,371 log 2468 9840 "GET /static/css/output.css HTTP/1.1" 200 92171
INFO 2026-02-20 18:30:39,913 log 2468 9840 "GET /apartment/A3/ HTTP/1.1" 200 3897
INFO 2026-02-20 18:30:39,943 log 2468 9840 "GET /static/css/output.css HTTP/1.1" 304 0
INFO 2026-02-20 18:31:04,167 log 2468 9840 "GET /apartment/A3/ HTTP/1.1" 200 3704
INFO 2026-02-20 18:31:04,200 log 2468 9840 "GET /static/css/output.css HTTP/1.1" 304 0
INFO 2026-02-20 18:35:21,449 log 2468 9840 "GET /apartment/A3/ HTTP/1.1" 200 3815
INFO 2026-02-20 18:35:21,478 log 2468 9840 "GET /static/css/output.css HTTP/1.1" 304 0
INFO 2026-02-20 18:36:16,236 log 2468 9840 "GET /apartment/A3/ HTTP/1.1" 200 3839
INFO 2026-02-20 18:36:16,270 log 2468 9840 "GET /static/css/output.css HTTP/1.1" 304 0
INFO 2026-02-20 18:36:45,726 log 2468 2404 "GET /apartment/A3/ HTTP/1.1" 200 3844
INFO 2026-02-20 18:36:47,238 log 2468 2404 "GET /apartment/A3/ HTTP/1.1" 200 3844
INFO 2026-02-20 18:36:51,224 log 2468 2404 "GET /apartment/A3/ HTTP/1.1" 200 3844
INFO 2026-02-20 18:36:51,718 log 2468 2404 "GET /apartment/A3/ HTTP/1.1" 200 3844
INFO 2026-02-20 18:36:51,888 log 2468 2404 "GET /apartment/A3/ HTTP/1.1" 200 3844
INFO 2026-02-20 18:37:01,592 log 2468 2404 "GET /apartment/A3/ HTTP/1.1" 200 3839
INFO 2026-02-20 18:37:01,630 log 2468 2404 "GET /static/css/output.css HTTP/1.1" 200 92332
INFO 2026-02-20 18:37:23,227 log 2468 2404 "GET /apartment/A3/ HTTP/1.1" 200 3880
INFO 2026-02-20 18:37:23,264 log 2468 2404 "GET /static/css/output.css HTTP/1.1" 200 92382
INFO 2026-02-20 18:37:43,605 log 2468 2404 "GET /apartment/A3/ HTTP/1.1" 200 3880
INFO 2026-02-20 18:37:43,650 log 2468 2404 "GET /static/css/output.css HTTP/1.1" 200 92425
INFO 2026-02-20 18:37:59,093 log 2468 2404 "GET /apartment/A3/ HTTP/1.1" 200 3884
INFO 2026-02-20 18:37:59,128 log 2468 2404 "GET /static/css/output.css HTTP/1.1" 200 92476
INFO 2026-02-20 18:38:46,592 log 2468 2404 "GET /apartment/A3/ HTTP/1.1" 200 3866
INFO 2026-02-20 18:38:46,628 log 2468 2404 "GET /static/css/output.css HTTP/1.1" 304 0
INFO 2026-02-20 18:39:01,865 log 2468 2404 "GET /admin HTTP/1.1" 301 0
INFO 2026-02-20 18:39:01,881 log 2468 2404 "GET /admin/ HTTP/1.1" 302 0
INFO 2026-02-20 18:39:02,080 log 2468 2404 "GET /admin/login/?next=/admin/ HTTP/1.1" 200 4080
INFO 2026-02-20 18:39:02,123 log 2468 2404 "GET /static/admin/css/base.css HTTP/1.1" 200 23100
INFO 2026-02-20 18:39:02,129 log 2468 11416 "GET /static/admin/css/dark_mode.css HTTP/1.1" 200 3538
INFO 2026-02-20 18:39:02,164 log 2468 5512 "GET /static/admin/js/theme.js HTTP/1.1" 200 1653
INFO 2026-02-20 18:39:02,179 log 2468 2404 "GET /static/admin/css/nav_sidebar.css HTTP/1.1" 200 2810
INFO 2026-02-20 18:39:02,181 log 2468 11416 "GET /static/admin/css/login.css HTTP/1.1" 200 951
INFO 2026-02-20 18:39:02,200 log 2468 5512 "GET /static/admin/css/responsive.css HTTP/1.1" 200 16273
INFO 2026-02-20 18:39:02,219 log 2468 11416 "GET /static/admin/js/nav_sidebar.js HTTP/1.1" 200 3063
INFO 2026-02-20 18:39:06,600 log 2468 11416 "POST /admin/login/?next=/admin/ HTTP/1.1" 200 4246
INFO 2026-02-20 18:39:14,726 log 2468 11416 "POST /admin/login/?next=/admin/ HTTP/1.1" 200 4246
INFO 2026-02-20 18:39:51,102 autoreload 5240 536 Watching for file changes with StatReloader
INFO 2026-02-20 18:39:56,473 log 5240 7972 "POST /admin/login/?next=/admin/ HTTP/1.1" 302 0
INFO 2026-02-20 18:39:56,565 log 5240 7972 "GET /admin/ HTTP/1.1" 200 7088
INFO 2026-02-20 18:39:56,669 log 5240 7972 "GET /static/admin/css/dashboard.css HTTP/1.1" 200 441
INFO 2026-02-20 18:39:56,699 log 5240 7972 "GET /static/admin/img/icon-changelink.svg HTTP/1.1" 200 978
INFO 2026-02-20 18:39:56,699 log 5240 12132 "GET /static/admin/img/icon-addlink.svg HTTP/1.1" 200 593
INFO 2026-02-20 18:39:59,840 log 5240 7972 "GET /admin/main/transaction/ HTTP/1.1" 200 10230
INFO 2026-02-20 18:39:59,904 log 5240 7972 "GET /static/admin/css/changelists.css HTTP/1.1" 200 7498
INFO 2026-02-20 18:39:59,934 log 5240 12132 "GET /admin/jsi18n/ HTTP/1.1" 200 3342
INFO 2026-02-20 18:39:59,949 log 5240 10520 "GET /static/admin/js/jquery.init.js HTTP/1.1" 200 347
INFO 2026-02-20 18:39:59,966 log 5240 7972 "GET /static/admin/js/admin/RelatedObjectLookups.js HTTP/1.1" 200 9777
INFO 2026-02-20 18:40:00,025 log 5240 11360 "GET /static/admin/js/vendor/jquery/jquery.js HTTP/1.1" 200 285314
INFO 2026-02-20 18:40:00,026 log 5240 12132 "GET /static/admin/js/prepopulate.js HTTP/1.1" 200 1531
INFO 2026-02-20 18:40:00,026 log 5240 9980 "GET /static/admin/js/core.js HTTP/1.1" 200 6208
INFO 2026-02-20 18:40:00,028 log 5240 10520 "GET /static/admin/js/urlify.js HTTP/1.1" 200 7887
INFO 2026-02-20 18:40:00,059 log 5240 12220 "GET /static/admin/js/actions.js HTTP/1.1" 200 8076
INFO 2026-02-20 18:40:00,082 log 5240 10520 "GET /static/admin/img/search.svg HTTP/1.1" 200 607
INFO 2026-02-20 18:40:00,110 log 5240 10520 "GET /static/admin/js/filters.js HTTP/1.1" 200 978
INFO 2026-02-20 18:40:00,179 log 5240 7972 "GET /static/admin/js/vendor/xregexp/xregexp.js HTTP/1.1" 200 325171
INFO 2026-02-20 18:40:00,223 log 5240 7972 "GET /static/admin/img/tooltag-add.svg HTTP/1.1" 200 593
INFO 2026-02-20 18:40:00,224 log 5240 10520 "GET /static/admin/img/icon-viewlink.svg HTTP/1.1" 200 928
ERROR 2026-02-20 18:40:03,035 log 5240 10520 Internal Server Error: /admin/main/transaction/add/
Traceback (most recent call last):
  File "C:\Users\USER\Desktop\veresiye\my_env\Lib\site-packages\django\core\handlers\exception.py", line 55, in inner
    response = get_response(request)
  File "C:\Users\USER\Desktop\veresiye\my_env\Lib\site-packages\django\core\handlers\base.py", line 221, in _get_response
    response = response.render()
  File "C:\Users\USER\Desktop\veresiye\my_env\Lib\site-packages\django\template\response.py", line 114, in render
    self.content = self.rendered_content
                   ^^^^^^^^^^^^^^^^^^^^^
  File "C:\Users\USER\Desktop\veresiye\my_env\Lib\site-packages\django\template\response.py", line 92, in rendered_content
    return template.render(context, self._request)
           ~~~~~~~~~~~~~~~^^^^^^^^^^^^^^^^^^^^^^^^
  File "C:\Users\USER\Desktop\veresiye\my_env\Lib\site-packages\django\template\backends\django.py", line 107, in render
    return self.template.render(context)
           ~~~~~~~~~~~~~~~~~~~~^^^^^^^^^
  File "C:\Users\USER\Desktop\veresiye\my_env\Lib\site-packages\django\template\base.py", line 174, in render
    return self._render(context)
           ~~~~~~~~~~~~^^^^^^^^^
  File "C:\Users\USER\Desktop\veresiye\my_env\Lib\site-packages\django\template\base.py", line 166, in _render
    return self.nodelist.render(context)
           ~~~~~~~~~~~~~~~~~~~~^^^^^^^^^
  File "C:\Users\USER\Desktop\veresiye\my_env\Lib\site-packages\django\template\base.py", line 1091, in render
    return SafeString("".join([node.render_annotated(context) for node in self]))
                               ~~~~~~~~~~~~~~~~~~~~~^^^^^^^^^
  File "C:\Users\USER\Desktop\veresiye\my_env\Lib\site-packages\django\template\base.py", line 1052, in render_annotated
    return self.render(context)
           ~~~~~~~~~~~^^^^^^^^^
  File "C:\Users\USER\Desktop\veresiye\my_env\Lib\site-packages\django\template\loader_tags.py", line 160, in render
    return compiled_parent._render(context)
           ~~~~~~~~~~~~~~~~~~~~~~~^^^^^^^^^
  File "C:\Users\USER\Desktop\veresiye\my_env\Lib\site-packages\django\template\base.py", line 166, in _render
    return self.nodelist.render(context)
           ~~~~~~~~~~~~~~~~~~~~^^^^^^^^^
  File "C:\Users\USER\Desktop\veresiye\my_env\Lib\site-packages\django\template\base.py", line 1091, in render
    return SafeString("".join([node.render_annotated(context) for node in self]))
                               ~~~~~~~~~~~~~~~~~~~~~^^^^^^^^^
  File "C:\Users\USER\Desktop\veresiye\my_env\Lib\site-packages\django\template\base.py", line 1052, in render_annotated
    return self.render(context)
           ~~~~~~~~~~~^^^^^^^^^
  File "C:\Users\USER\Desktop\veresiye\my_env\Lib\site-packages\django\template\loader_tags.py", line 160, in render
    return compiled_parent._render(context)
           ~~~~~~~~~~~~~~~~~~~~~~~^^^^^^^^^
  File "C:\Users\USER\Desktop\veresiye\my_env\Lib\site-packages\django\template\base.py", line 166, in _render
    return self.nodelist.render(context)
           ~~~~~~~~~~~~~~~~~~~~^^^^^^^^^
  File "C:\Users\USER\Desktop\veresiye\my_env\Lib\site-packages\django\template\base.py", line 1091, in render
    return SafeString("".join([node.render_annotated(context) for node in self]))
                               ~~~~~~~~~~~~~~~~~~~~~^^^^^^^^^
  File "C:\Users\USER\Desktop\veresiye\my_env\Lib\site-packages\django\template\base.py", line 1052, in render_annotated
    return self.render(context)
           ~~~~~~~~~~~^^^^^^^^^
  File "C:\Users\USER\Desktop\veresiye\my_env\Lib\site-packages\django\template\loader_tags.py", line 66, in render
    result = block.nodelist.render(context)
  File "C:\Users\USER\Desktop\veresiye\my_env\Lib\site-packages\django\template\base.py", line 1091, in render
    return SafeString("".join([node.render_annotated(context) for node in self]))
                               ~~~~~~~~~~~~~~~~~~~~~^^^^^^^^^
  File "C:\Users\USER\Desktop\veresiye\my_env\Lib\site-packages\django\template\base.py", line 1052, in render_annotated
    return self.render(context)
           ~~~~~~~~~~~^^^^^^^^^
  File "C:\Users\USER\Desktop\veresiye\my_env\Lib\site-packages\django\template\loader_tags.py", line 66, in render
    result = block.nodelist.render(context)
  File "C:\Users\USER\Desktop\veresiye\my_env\Lib\site-packages\django\template\base.py", line 1091, in render
    return SafeString("".join([node.render_annotated(context) for node in self]))
                               ~~~~~~~~~~~~~~~~~~~~~^^^^^^^^^
  File "C:\Users\USER\Desktop\veresiye\my_env\Lib\site-packages\django\template\base.py", line 1052, in render_annotated
    return self.render(context)
           ~~~~~~~~~~~^^^^^^^^^
  File "C:\Users\USER\Desktop\veresiye\my_env\Lib\site-packages\django\template\defaulttags.py", line 249, in render
    nodelist.append(node.render_annotated(context))
                    ~~~~~~~~~~~~~~~~~~~~~^^^^^^^^^
  File "C:\Users\USER\Desktop\veresiye\my_env\Lib\site-packages\django\template\base.py", line 1052, in render_annotated
    return self.render(context)
           ~~~~~~~~~~~^^^^^^^^^
  File "C:\Users\USER\Desktop\veresiye\my_env\Lib\site-packages\django\template\loader_tags.py", line 211, in render
    return template.render(context)
           ~~~~~~~~~~~~~~~^^^^^^^^^
  File "C:\Users\USER\Desktop\veresiye\my_env\Lib\site-packages\django\template\base.py", line 176, in render
    return self._render(context)
           ~~~~~~~~~~~~^^^^^^^^^
  File "C:\Users\USER\Desktop\veresiye\my_env\Lib\site-packages\django\template\base.py", line 166, in _render
    return self.nodelist.render(context)
           ~~~~~~~~~~~~~~~~~~~~^^^^^^^^^
  File "C:\Users\USER\Desktop\veresiye\my_env\Lib\site-packages\django\template\base.py", line 1091, in render
    return SafeString("".join([node.render_annotated(context) for node in self]))
                               ~~~~~~~~~~~~~~~~~~~~~^^^^^^^^^
  File "C:\Users\USER\Desktop\veresiye\my_env\Lib\site-packages\django\template\base.py", line 1052, in render_annotated
    return self.render(context)
           ~~~~~~~~~~~^^^^^^^^^
  File "C:\Users\USER\Desktop\veresiye\my_env\Lib\site-packages\django\template\defaulttags.py", line 249, in render
    nodelist.append(node.render_annotated(context))
                    ~~~~~~~~~~~~~~~~~~~~~^^^^^^^^^
  File "C:\Users\USER\Desktop\veresiye\my_env\Lib\site-packages\django\template\base.py", line 1052, in render_annotated
    return self.render(context)
           ~~~~~~~~~~~^^^^^^^^^
  File "C:\Users\USER\Desktop\veresiye\my_env\Lib\site-packages\django\template\defaulttags.py", line 249, in render
    nodelist.append(node.render_annotated(context))
                    ~~~~~~~~~~~~~~~~~~~~~^^^^^^^^^
  File "C:\Users\USER\Desktop\veresiye\my_env\Lib\site-packages\django\template\base.py", line 1052, in render_annotated
    return self.render(context)
           ~~~~~~~~~~~^^^^^^^^^
  File "C:\Users\USER\Desktop\veresiye\my_env\Lib\site-packages\django\template\defaulttags.py", line 333, in render
    return nodelist.render(context)
           ~~~~~~~~~~~~~~~^^^^^^^^^
  File "C:\Users\USER\Desktop\veresiye\my_env\Lib\site-packages\django\template\base.py", line 1091, in render
    return SafeString("".join([node.render_annotated(context) for node in self]))
                               ~~~~~~~~~~~~~~~~~~~~~^^^^^^^^^
  File "C:\Users\USER\Desktop\veresiye\my_env\Lib\site-packages\django\template\base.py", line 1052, in render_annotated
    return self.render(context)
           ~~~~~~~~~~~^^^^^^^^^
  File "C:\Users\USER\Desktop\veresiye\my_env\Lib\site-packages\django\template\defaulttags.py", line 333, in render
    return nodelist.render(context)
           ~~~~~~~~~~~~~~~^^^^^^^^^
  File "C:\Users\USER\Desktop\veresiye\my_env\Lib\site-packages\django\template\base.py", line 1091, in render
    return SafeString("".join([node.render_annotated(context) for node in self]))
                               ~~~~~~~~~~~~~~~~~~~~~^^^^^^^^^
  File "C:\Users\USER\Desktop\veresiye\my_env\Lib\site-packages\django\template\base.py", line 1052, in render_annotated
    return self.render(context)
           ~~~~~~~~~~~^^^^^^^^^
  File "C:\Users\USER\Desktop\veresiye\my_env\Lib\site-packages\django\template\base.py", line 1156, in render
    return render_value_in_context(output, context)
  File "C:\Users\USER\Desktop\veresiye\my_env\Lib\site-packages\django\template\base.py", line 1133, in render_value_in_context
    value = str(value)
  File "C:\Users\USER\Desktop\veresiye\my_env\Lib\site-packages\django\forms\utils.py", line 79, in __str__
    return self.as_widget()
           ~~~~~~~~~~~~~~^^
  File "C:\Users\USER\Desktop\veresiye\my_env\Lib\site-packages\django\forms\boundfield.py", line 108, in as_widget
    return widget.render(
           ~~~~~~~~~~~~~^
        name=self.html_initial_name if only_initial else self.html_name,
        ^^^^^^^^^^^^^^^^^^^^^^^^^^^^^^^^^^^^^^^^^^^^^^^^^^^^^^^^^^^^^^^^
    ...<2 lines>...
        renderer=self.form.renderer,
        ^^^^^^^^^^^^^^^^^^^^^^^^^^^^
    )
    ^
  File "C:\Users\USER\Desktop\veresiye\my_env\Lib\site-packages\django\forms\widgets.py", line 330, in render
    context = self.get_context(name, value, attrs)
  File "C:\Users\USER\Desktop\veresiye\my_env\Lib\site-packages\django\contrib\admin\widgets.py", line 349, in get_context
    "rendered_widget": self.widget.render(name, value, attrs),
                       ~~~~~~~~~~~~~~~~~~^^^^^^^^^^^^^^^^^^^^
  File "C:\Users\USER\Desktop\veresiye\my_env\Lib\site-packages\django\forms\widgets.py", line 330, in render
    context = self.get_context(name, value, attrs)
  File "C:\Users\USER\Desktop\veresiye\my_env\Lib\site-packages\django\forms\widgets.py", line 833, in get_context
    context = super().get_context(name, value, attrs)
  File "C:\Users\USER\Desktop\veresiye\my_env\Lib\site-packages\django\forms\widgets.py", line 784, in get_context
    context["widget"]["optgroups"] = self.optgroups(
                                     ~~~~~~~~~~~~~~^
        name, context["widget"]["value"], attrs
        ^^^^^^^^^^^^^^^^^^^^^^^^^^^^^^^^^^^^^^^
    )
    ^
  File "C:\Users\USER\Desktop\veresiye\my_env\Lib\site-packages\django\forms\widgets.py", line 724, in optgroups
    for index, (option_value, option_label) in enumerate(self.choices):
                                               ~~~~~~~~~^^^^^^^^^^^^^^
  File "C:\Users\USER\Desktop\veresiye\my_env\Lib\site-packages\django\forms\models.py", line 1449, in __iter__
    yield self.choice(obj)
          ~~~~~~~~~~~^^^^^
  File "C:\Users\USER\Desktop\veresiye\my_env\Lib\site-packages\django\forms\models.py", line 1463, in choice
    self.field.label_from_instance(obj),
    ~~~~~~~~~~~~~~~~~~~~~~~~~~~~~~^^^^^
  File "C:\Users\USER\Desktop\veresiye\my_env\Lib\site-packages\django\forms\models.py", line 1553, in label_from_instance
    return str(obj)
TypeError: __str__ returned non-string (type NoneType)
ERROR 2026-02-20 18:40:03,095 log 5240 10520 "GET /admin/main/transaction/add/ HTTP/1.1" 500 488834
INFO 2026-02-20 18:40:34,623 autoreload 5240 536 C:\Users\USER\Desktop\veresiye\veresiye\main\admin.py changed, reloading.
INFO 2026-02-20 18:40:35,727 autoreload 6192 6996 Watching for file changes with StatReloader
ERROR 2026-02-20 18:40:38,153 log 6192 2864 Internal Server Error: /admin/main/transaction/add/
Traceback (most recent call last):
  File "C:\Users\USER\Desktop\veresiye\my_env\Lib\site-packages\django\core\handlers\exception.py", line 55, in inner
    response = get_response(request)
  File "C:\Users\USER\Desktop\veresiye\my_env\Lib\site-packages\django\core\handlers\base.py", line 221, in _get_response
    response = response.render()
  File "C:\Users\USER\Desktop\veresiye\my_env\Lib\site-packages\django\template\response.py", line 114, in render
    self.content = self.rendered_content
                   ^^^^^^^^^^^^^^^^^^^^^
  File "C:\Users\USER\Desktop\veresiye\my_env\Lib\site-packages\django\template\response.py", line 92, in rendered_content
    return template.render(context, self._request)
           ~~~~~~~~~~~~~~~^^^^^^^^^^^^^^^^^^^^^^^^
  File "C:\Users\USER\Desktop\veresiye\my_env\Lib\site-packages\django\template\backends\django.py", line 107, in render
    return self.template.render(context)
           ~~~~~~~~~~~~~~~~~~~~^^^^^^^^^
  File "C:\Users\USER\Desktop\veresiye\my_env\Lib\site-packages\django\template\base.py", line 174, in render
    return self._render(context)
           ~~~~~~~~~~~~^^^^^^^^^
  File "C:\Users\USER\Desktop\veresiye\my_env\Lib\site-packages\django\template\base.py", line 166, in _render
    return self.nodelist.render(context)
           ~~~~~~~~~~~~~~~~~~~~^^^^^^^^^
  File "C:\Users\USER\Desktop\veresiye\my_env\Lib\site-packages\django\template\base.py", line 1091, in render
    return SafeString("".join([node.render_annotated(context) for node in self]))
                               ~~~~~~~~~~~~~~~~~~~~~^^^^^^^^^
  File "C:\Users\USER\Desktop\veresiye\my_env\Lib\site-packages\django\template\base.py", line 1052, in render_annotated
    return self.render(context)
           ~~~~~~~~~~~^^^^^^^^^
  File "C:\Users\USER\Desktop\veresiye\my_env\Lib\site-packages\django\template\loader_tags.py", line 160, in render
    return compiled_parent._render(context)
           ~~~~~~~~~~~~~~~~~~~~~~~^^^^^^^^^
  File "C:\Users\USER\Desktop\veresiye\my_env\Lib\site-packages\django\template\base.py", line 166, in _render
    return self.nodelist.render(context)
           ~~~~~~~~~~~~~~~~~~~~^^^^^^^^^
  File "C:\Users\USER\Desktop\veresiye\my_env\Lib\site-packages\django\template\base.py", line 1091, in render
    return SafeString("".join([node.render_annotated(context) for node in self]))
                               ~~~~~~~~~~~~~~~~~~~~~^^^^^^^^^
  File "C:\Users\USER\Desktop\veresiye\my_env\Lib\site-packages\django\template\base.py", line 1052, in render_annotated
    return self.render(context)
           ~~~~~~~~~~~^^^^^^^^^
  File "C:\Users\USER\Desktop\veresiye\my_env\Lib\site-packages\django\template\loader_tags.py", line 160, in render
    return compiled_parent._render(context)
           ~~~~~~~~~~~~~~~~~~~~~~~^^^^^^^^^
  File "C:\Users\USER\Desktop\veresiye\my_env\Lib\site-packages\django\template\base.py", line 166, in _render
    return self.nodelist.render(context)
           ~~~~~~~~~~~~~~~~~~~~^^^^^^^^^
  File "C:\Users\USER\Desktop\veresiye\my_env\Lib\site-packages\django\template\base.py", line 1091, in render
    return SafeString("".join([node.render_annotated(context) for node in self]))
                               ~~~~~~~~~~~~~~~~~~~~~^^^^^^^^^
  File "C:\Users\USER\Desktop\veresiye\my_env\Lib\site-packages\django\template\base.py", line 1052, in render_annotated
    return self.render(context)
           ~~~~~~~~~~~^^^^^^^^^
  File "C:\Users\USER\Desktop\veresiye\my_env\Lib\site-packages\django\template\loader_tags.py", line 66, in render
    result = block.nodelist.render(context)
  File "C:\Users\USER\Desktop\veresiye\my_env\Lib\site-packages\django\template\base.py", line 1091, in render
    return SafeString("".join([node.render_annotated(context) for node in self]))
                               ~~~~~~~~~~~~~~~~~~~~~^^^^^^^^^
  File "C:\Users\USER\Desktop\veresiye\my_env\Lib\site-packages\django\template\base.py", line 1052, in render_annotated
    return self.render(context)
           ~~~~~~~~~~~^^^^^^^^^
  File "C:\Users\USER\Desktop\veresiye\my_env\Lib\site-packages\django\template\loader_tags.py", line 66, in render
    result = block.nodelist.render(context)
  File "C:\Users\USER\Desktop\veresiye\my_env\Lib\site-packages\django\template\base.py", line 1091, in render
    return SafeString("".join([node.render_annotated(context) for node in self]))
                               ~~~~~~~~~~~~~~~~~~~~~^^^^^^^^^
  File "C:\Users\USER\Desktop\veresiye\my_env\Lib\site-packages\django\template\base.py", line 1052, in render_annotated
    return self.render(context)
           ~~~~~~~~~~~^^^^^^^^^
  File "C:\Users\USER\Desktop\veresiye\my_env\Lib\site-packages\django\template\defaulttags.py", line 249, in render
    nodelist.append(node.render_annotated(context))
                    ~~~~~~~~~~~~~~~~~~~~~^^^^^^^^^
  File "C:\Users\USER\Desktop\veresiye\my_env\Lib\site-packages\django\template\base.py", line 1052, in render_annotated
    return self.render(context)
           ~~~~~~~~~~~^^^^^^^^^
  File "C:\Users\USER\Desktop\veresiye\my_env\Lib\site-packages\django\template\loader_tags.py", line 211, in render
    return template.render(context)
           ~~~~~~~~~~~~~~~^^^^^^^^^
  File "C:\Users\USER\Desktop\veresiye\my_env\Lib\site-packages\django\template\base.py", line 176, in render
    return self._render(context)
           ~~~~~~~~~~~~^^^^^^^^^
  File "C:\Users\USER\Desktop\veresiye\my_env\Lib\site-packages\django\template\base.py", line 166, in _render
    return self.nodelist.render(context)
           ~~~~~~~~~~~~~~~~~~~~^^^^^^^^^
  File "C:\Users\USER\Desktop\veresiye\my_env\Lib\site-packages\django\template\base.py", line 1091, in render
    return SafeString("".join([node.render_annotated(context) for node in self]))
                               ~~~~~~~~~~~~~~~~~~~~~^^^^^^^^^
  File "C:\Users\USER\Desktop\veresiye\my_env\Lib\site-packages\django\template\base.py", line 1052, in render_annotated
    return self.render(context)
           ~~~~~~~~~~~^^^^^^^^^
  File "C:\Users\USER\Desktop\veresiye\my_env\Lib\site-packages\django\template\defaulttags.py", line 249, in render
    nodelist.append(node.render_annotated(context))
                    ~~~~~~~~~~~~~~~~~~~~~^^^^^^^^^
  File "C:\Users\USER\Desktop\veresiye\my_env\Lib\site-packages\django\template\base.py", line 1052, in render_annotated
    return self.render(context)
           ~~~~~~~~~~~^^^^^^^^^
  File "C:\Users\USER\Desktop\veresiye\my_env\Lib\site-packages\django\template\defaulttags.py", line 249, in render
    nodelist.append(node.render_annotated(context))
                    ~~~~~~~~~~~~~~~~~~~~~^^^^^^^^^
  File "C:\Users\USER\Desktop\veresiye\my_env\Lib\site-packages\django\template\base.py", line 1052, in render_annotated
    return self.render(context)
           ~~~~~~~~~~~^^^^^^^^^
  File "C:\Users\USER\Desktop\veresiye\my_env\Lib\site-packages\django\template\defaulttags.py", line 333, in render
    return nodelist.render(context)
           ~~~~~~~~~~~~~~~^^^^^^^^^
  File "C:\Users\USER\Desktop\veresiye\my_env\Lib\site-packages\django\template\base.py", line 1091, in render
    return SafeString("".join([node.render_annotated(context) for node in self]))
                               ~~~~~~~~~~~~~~~~~~~~~^^^^^^^^^
  File "C:\Users\USER\Desktop\veresiye\my_env\Lib\site-packages\django\template\base.py", line 1052, in render_annotated
    return self.render(context)
           ~~~~~~~~~~~^^^^^^^^^
  File "C:\Users\USER\Desktop\veresiye\my_env\Lib\site-packages\django\template\defaulttags.py", line 333, in render
    return nodelist.render(context)
           ~~~~~~~~~~~~~~~^^^^^^^^^
  File "C:\Users\USER\Desktop\veresiye\my_env\Lib\site-packages\django\template\base.py", line 1091, in render
    return SafeString("".join([node.render_annotated(context) for node in self]))
                               ~~~~~~~~~~~~~~~~~~~~~^^^^^^^^^
  File "C:\Users\USER\Desktop\veresiye\my_env\Lib\site-packages\django\template\base.py", line 1052, in render_annotated
    return self.render(context)
           ~~~~~~~~~~~^^^^^^^^^
  File "C:\Users\USER\Desktop\veresiye\my_env\Lib\site-packages\django\template\base.py", line 1156, in render
    return render_value_in_context(output, context)
  File "C:\Users\USER\Desktop\veresiye\my_env\Lib\site-packages\django\template\base.py", line 1133, in render_value_in_context
    value = str(value)
  File "C:\Users\USER\Desktop\veresiye\my_env\Lib\site-packages\django\forms\utils.py", line 79, in __str__
    return self.as_widget()
           ~~~~~~~~~~~~~~^^
  File "C:\Users\USER\Desktop\veresiye\my_env\Lib\site-packages\django\forms\boundfield.py", line 108, in as_widget
    return widget.render(
           ~~~~~~~~~~~~~^
        name=self.html_initial_name if only_initial else self.html_name,
        ^^^^^^^^^^^^^^^^^^^^^^^^^^^^^^^^^^^^^^^^^^^^^^^^^^^^^^^^^^^^^^^^
    ...<2 lines>...
        renderer=self.form.renderer,
        ^^^^^^^^^^^^^^^^^^^^^^^^^^^^
    )
    ^
  File "C:\Users\USER\Desktop\veresiye\my_env\Lib\site-packages\django\forms\widgets.py", line 330, in render
    context = self.get_context(name, value, attrs)
  File "C:\Users\USER\Desktop\veresiye\my_env\Lib\site-packages\django\contrib\admin\widgets.py", line 349, in get_context
    "rendered_widget": self.widget.render(name, value, attrs),
                       ~~~~~~~~~~~~~~~~~~^^^^^^^^^^^^^^^^^^^^
  File "C:\Users\USER\Desktop\veresiye\my_env\Lib\site-packages\django\forms\widgets.py", line 330, in render
    context = self.get_context(name, value, attrs)
  File "C:\Users\USER\Desktop\veresiye\my_env\Lib\site-packages\django\forms\widgets.py", line 833, in get_context
    context = super().get_context(name, value, attrs)
  File "C:\Users\USER\Desktop\veresiye\my_env\Lib\site-packages\django\forms\widgets.py", line 784, in get_context
    context["widget"]["optgroups"] = self.optgroups(
                                     ~~~~~~~~~~~~~~^
        name, context["widget"]["value"], attrs
        ^^^^^^^^^^^^^^^^^^^^^^^^^^^^^^^^^^^^^^^
    )
    ^
  File "C:\Users\USER\Desktop\veresiye\my_env\Lib\site-packages\django\forms\widgets.py", line 724, in optgroups
    for index, (option_value, option_label) in enumerate(self.choices):
                                               ~~~~~~~~~^^^^^^^^^^^^^^
  File "C:\Users\USER\Desktop\veresiye\my_env\Lib\site-packages\django\forms\models.py", line 1449, in __iter__
    yield self.choice(obj)
          ~~~~~~~~~~~^^^^^
  File "C:\Users\USER\Desktop\veresiye\my_env\Lib\site-packages\django\forms\models.py", line 1463, in choice
    self.field.label_from_instance(obj),
    ~~~~~~~~~~~~~~~~~~~~~~~~~~~~~~^^^^^
  File "C:\Users\USER\Desktop\veresiye\my_env\Lib\site-packages\django\forms\models.py", line 1553, in label_from_instance
    return str(obj)
TypeError: __str__ returned non-string (type NoneType)
ERROR 2026-02-20 18:40:38,210 log 6192 2864 "GET /admin/main/transaction/add/ HTTP/1.1" 500 488191
INFO 2026-02-20 18:40:39,703 log 6192 2864 "GET /admin/main/transaction/ HTTP/1.1" 200 8479
INFO 2026-02-20 18:40:41,327 log 6192 2864 "GET /admin/main/transaction/ HTTP/1.1" 200 8479
INFO 2026-02-20 18:40:41,367 log 6192 2864 "GET /admin/jsi18n/ HTTP/1.1" 200 3342
ERROR 2026-02-20 18:40:42,984 log 6192 2864 Internal Server Error: /admin/main/transaction/add/
Traceback (most recent call last):
  File "C:\Users\USER\Desktop\veresiye\my_env\Lib\site-packages\django\core\handlers\exception.py", line 55, in inner
    response = get_response(request)
  File "C:\Users\USER\Desktop\veresiye\my_env\Lib\site-packages\django\core\handlers\base.py", line 221, in _get_response
    response = response.render()
  File "C:\Users\USER\Desktop\veresiye\my_env\Lib\site-packages\django\template\response.py", line 114, in render
    self.content = self.rendered_content
                   ^^^^^^^^^^^^^^^^^^^^^
  File "C:\Users\USER\Desktop\veresiye\my_env\Lib\site-packages\django\template\response.py", line 92, in rendered_content
    return template.render(context, self._request)
           ~~~~~~~~~~~~~~~^^^^^^^^^^^^^^^^^^^^^^^^
  File "C:\Users\USER\Desktop\veresiye\my_env\Lib\site-packages\django\template\backends\django.py", line 107, in render
    return self.template.render(context)
           ~~~~~~~~~~~~~~~~~~~~^^^^^^^^^
  File "C:\Users\USER\Desktop\veresiye\my_env\Lib\site-packages\django\template\base.py", line 174, in render
    return self._render(context)
           ~~~~~~~~~~~~^^^^^^^^^
  File "C:\Users\USER\Desktop\veresiye\my_env\Lib\site-packages\django\template\base.py", line 166, in _render
    return self.nodelist.render(context)
           ~~~~~~~~~~~~~~~~~~~~^^^^^^^^^
  File "C:\Users\USER\Desktop\veresiye\my_env\Lib\site-packages\django\template\base.py", line 1091, in render
    return SafeString("".join([node.render_annotated(context) for node in self]))
                               ~~~~~~~~~~~~~~~~~~~~~^^^^^^^^^
  File "C:\Users\USER\Desktop\veresiye\my_env\Lib\site-packages\django\template\base.py", line 1052, in render_annotated
    return self.render(context)
           ~~~~~~~~~~~^^^^^^^^^
  File "C:\Users\USER\Desktop\veresiye\my_env\Lib\site-packages\django\template\loader_tags.py", line 160, in render
    return compiled_parent._render(context)
           ~~~~~~~~~~~~~~~~~~~~~~~^^^^^^^^^
  File "C:\Users\USER\Desktop\veresiye\my_env\Lib\site-packages\django\template\base.py", line 166, in _render
    return self.nodelist.render(context)
           ~~~~~~~~~~~~~~~~~~~~^^^^^^^^^
  File "C:\Users\USER\Desktop\veresiye\my_env\Lib\site-packages\django\template\base.py", line 1091, in render
    return SafeString("".join([node.render_annotated(context) for node in self]))
                               ~~~~~~~~~~~~~~~~~~~~~^^^^^^^^^
  File "C:\Users\USER\Desktop\veresiye\my_env\Lib\site-packages\django\template\base.py", line 1052, in render_annotated
    return self.render(context)
           ~~~~~~~~~~~^^^^^^^^^
  File "C:\Users\USER\Desktop\veresiye\my_env\Lib\site-packages\django\template\loader_tags.py", line 160, in render
    return compiled_parent._render(context)
           ~~~~~~~~~~~~~~~~~~~~~~~^^^^^^^^^
  File "C:\Users\USER\Desktop\veresiye\my_env\Lib\site-packages\django\template\base.py", line 166, in _render
    return self.nodelist.render(context)
           ~~~~~~~~~~~~~~~~~~~~^^^^^^^^^
  File "C:\Users\USER\Desktop\veresiye\my_env\Lib\site-packages\django\template\base.py", line 1091, in render
    return SafeString("".join([node.render_annotated(context) for node in self]))
                               ~~~~~~~~~~~~~~~~~~~~~^^^^^^^^^
  File "C:\Users\USER\Desktop\veresiye\my_env\Lib\site-packages\django\template\base.py", line 1052, in render_annotated
    return self.render(context)
           ~~~~~~~~~~~^^^^^^^^^
  File "C:\Users\USER\Desktop\veresiye\my_env\Lib\site-packages\django\template\loader_tags.py", line 66, in render
    result = block.nodelist.render(context)
  File "C:\Users\USER\Desktop\veresiye\my_env\Lib\site-packages\django\template\base.py", line 1091, in render
    return SafeString("".join([node.render_annotated(context) for node in self]))
                               ~~~~~~~~~~~~~~~~~~~~~^^^^^^^^^
  File "C:\Users\USER\Desktop\veresiye\my_env\Lib\site-packages\django\template\base.py", line 1052, in render_annotated
    return self.render(context)
           ~~~~~~~~~~~^^^^^^^^^
  File "C:\Users\USER\Desktop\veresiye\my_env\Lib\site-packages\django\template\loader_tags.py", line 66, in render
    result = block.nodelist.render(context)
  File "C:\Users\USER\Desktop\veresiye\my_env\Lib\site-packages\django\template\base.py", line 1091, in render
    return SafeString("".join([node.render_annotated(context) for node in self]))
                               ~~~~~~~~~~~~~~~~~~~~~^^^^^^^^^
  File "C:\Users\USER\Desktop\veresiye\my_env\Lib\site-packages\django\template\base.py", line 1052, in render_annotated
    return self.render(context)
           ~~~~~~~~~~~^^^^^^^^^
  File "C:\Users\USER\Desktop\veresiye\my_env\Lib\site-packages\django\template\defaulttags.py", line 249, in render
    nodelist.append(node.render_annotated(context))
                    ~~~~~~~~~~~~~~~~~~~~~^^^^^^^^^
  File "C:\Users\USER\Desktop\veresiye\my_env\Lib\site-packages\django\template\base.py", line 1052, in render_annotated
    return self.render(context)
           ~~~~~~~~~~~^^^^^^^^^
  File "C:\Users\USER\Desktop\veresiye\my_env\Lib\site-packages\django\template\loader_tags.py", line 211, in render
    return template.render(context)
           ~~~~~~~~~~~~~~~^^^^^^^^^
  File "C:\Users\USER\Desktop\veresiye\my_env\Lib\site-packages\django\template\base.py", line 176, in render
    return self._render(context)
           ~~~~~~~~~~~~^^^^^^^^^
  File "C:\Users\USER\Desktop\veresiye\my_env\Lib\site-packages\django\template\base.py", line 166, in _render
    return self.nodelist.render(context)
           ~~~~~~~~~~~~~~~~~~~~^^^^^^^^^
  File "C:\Users\USER\Desktop\veresiye\my_env\Lib\site-packages\django\template\base.py", line 1091, in render
    return SafeString("".join([node.render_annotated(context) for node in self]))
                               ~~~~~~~~~~~~~~~~~~~~~^^^^^^^^^
  File "C:\Users\USER\Desktop\veresiye\my_env\Lib\site-packages\django\template\base.py", line 1052, in render_annotated
    return self.render(context)
           ~~~~~~~~~~~^^^^^^^^^
  File "C:\Users\USER\Desktop\veresiye\my_env\Lib\site-packages\django\template\defaulttags.py", line 249, in render
    nodelist.append(node.render_annotated(context))
                    ~~~~~~~~~~~~~~~~~~~~~^^^^^^^^^
  File "C:\Users\USER\Desktop\veresiye\my_env\Lib\site-packages\django\template\base.py", line 1052, in render_annotated
    return self.render(context)
           ~~~~~~~~~~~^^^^^^^^^
  File "C:\Users\USER\Desktop\veresiye\my_env\Lib\site-packages\django\template\defaulttags.py", line 249, in render
    nodelist.append(node.render_annotated(context))
                    ~~~~~~~~~~~~~~~~~~~~~^^^^^^^^^
  File "C:\Users\USER\Desktop\veresiye\my_env\Lib\site-packages\django\template\base.py", line 1052, in render_annotated
    return self.render(context)
           ~~~~~~~~~~~^^^^^^^^^
  File "C:\Users\USER\Desktop\veresiye\my_env\Lib\site-packages\django\template\defaulttags.py", line 333, in render
    return nodelist.render(context)
           ~~~~~~~~~~~~~~~^^^^^^^^^
  File "C:\Users\USER\Desktop\veresiye\my_env\Lib\site-packages\django\template\base.py", line 1091, in render
    return SafeString("".join([node.render_annotated(context) for node in self]))
                               ~~~~~~~~~~~~~~~~~~~~~^^^^^^^^^
  File "C:\Users\USER\Desktop\veresiye\my_env\Lib\site-packages\django\template\base.py", line 1052, in render_annotated
    return self.render(context)
           ~~~~~~~~~~~^^^^^^^^^
  File "C:\Users\USER\Desktop\veresiye\my_env\Lib\site-packages\django\template\defaulttags.py", line 333, in render
    return nodelist.render(context)
           ~~~~~~~~~~~~~~~^^^^^^^^^
  File "C:\Users\USER\Desktop\veresiye\my_env\Lib\site-packages\django\template\base.py", line 1091, in render
    return SafeString("".join([node.render_annotated(context) for node in self]))
                               ~~~~~~~~~~~~~~~~~~~~~^^^^^^^^^
  File "C:\Users\USER\Desktop\veresiye\my_env\Lib\site-packages\django\template\base.py", line 1052, in render_annotated
    return self.render(context)
           ~~~~~~~~~~~^^^^^^^^^
  File "C:\Users\USER\Desktop\veresiye\my_env\Lib\site-packages\django\template\base.py", line 1156, in render
    return render_value_in_context(output, context)
  File "C:\Users\USER\Desktop\veresiye\my_env\Lib\site-packages\django\template\base.py", line 1133, in render_value_in_context
    value = str(value)
  File "C:\Users\USER\Desktop\veresiye\my_env\Lib\site-packages\django\forms\utils.py", line 79, in __str__
    return self.as_widget()
           ~~~~~~~~~~~~~~^^
  File "C:\Users\USER\Desktop\veresiye\my_env\Lib\site-packages\django\forms\boundfield.py", line 108, in as_widget
    return widget.render(
           ~~~~~~~~~~~~~^
        name=self.html_initial_name if only_initial else self.html_name,
        ^^^^^^^^^^^^^^^^^^^^^^^^^^^^^^^^^^^^^^^^^^^^^^^^^^^^^^^^^^^^^^^^
    ...<2 lines>...
        renderer=self.form.renderer,
        ^^^^^^^^^^^^^^^^^^^^^^^^^^^^
    )
    ^
  File "C:\Users\USER\Desktop\veresiye\my_env\Lib\site-packages\django\forms\widgets.py", line 330, in render
    context = self.get_context(name, value, attrs)
  File "C:\Users\USER\Desktop\veresiye\my_env\Lib\site-packages\django\contrib\admin\widgets.py", line 349, in get_context
    "rendered_widget": self.widget.render(name, value, attrs),
                       ~~~~~~~~~~~~~~~~~~^^^^^^^^^^^^^^^^^^^^
  File "C:\Users\USER\Desktop\veresiye\my_env\Lib\site-packages\django\forms\widgets.py", line 330, in render
    context = self.get_context(name, value, attrs)
  File "C:\Users\USER\Desktop\veresiye\my_env\Lib\site-packages\django\forms\widgets.py", line 833, in get_context
    context = super().get_context(name, value, attrs)
  File "C:\Users\USER\Desktop\veresiye\my_env\Lib\site-packages\django\forms\widgets.py", line 784, in get_context
    context["widget"]["optgroups"] = self.optgroups(
                                     ~~~~~~~~~~~~~~^
        name, context["widget"]["value"], attrs
        ^^^^^^^^^^^^^^^^^^^^^^^^^^^^^^^^^^^^^^^
    )
    ^
  File "C:\Users\USER\Desktop\veresiye\my_env\Lib\site-packages\django\forms\widgets.py", line 724, in optgroups
    for index, (option_value, option_label) in enumerate(self.choices):
                                               ~~~~~~~~~^^^^^^^^^^^^^^
  File "C:\Users\USER\Desktop\veresiye\my_env\Lib\site-packages\django\forms\models.py", line 1449, in __iter__
    yield self.choice(obj)
          ~~~~~~~~~~~^^^^^
  File "C:\Users\USER\Desktop\veresiye\my_env\Lib\site-packages\django\forms\models.py", line 1463, in choice
    self.field.label_from_instance(obj),
    ~~~~~~~~~~~~~~~~~~~~~~~~~~~~~~^^^^^
  File "C:\Users\USER\Desktop\veresiye\my_env\Lib\site-packages\django\forms\models.py", line 1553, in label_from_instance
    return str(obj)
TypeError: __str__ returned non-string (type NoneType)
ERROR 2026-02-20 18:40:43,048 log 6192 2864 "GET /admin/main/transaction/add/ HTTP/1.1" 500 488054
INFO 2026-02-20 18:41:06,593 log 6192 2864 "GET /admin/main/transaction/ HTTP/1.1" 200 8479
INFO 2026-02-20 18:41:08,126 log 6192 2864 "GET /admin/ HTTP/1.1" 200 7088
INFO 2026-02-20 18:41:09,496 log 6192 2864 "GET /admin/login/?next=/admin/ HTTP/1.1" 302 0
INFO 2026-02-20 18:41:09,514 log 6192 2864 "GET /admin/ HTTP/1.1" 200 7088
INFO 2026-02-20 18:41:10,075 log 6192 2864 "GET /apartment/A3/ HTTP/1.1" 200 3866
INFO 2026-02-20 18:41:10,440 log 6192 2864 "GET / HTTP/1.1" 200 76733
INFO 2026-02-20 18:41:46,395 autoreload 6192 6996 C:\Users\USER\Desktop\veresiye\veresiye\main\views.py changed, reloading.
INFO 2026-02-20 18:41:47,992 autoreload 3948 1072 Watching for file changes with StatReloader
INFO 2026-02-20 18:42:01,473 autoreload 3948 1072 C:\Users\USER\Desktop\veresiye\veresiye\main\views.py changed, reloading.
INFO 2026-02-20 18:42:02,552 autoreload 2436 864 Watching for file changes with StatReloader
INFO 2026-02-20 18:42:22,301 autoreload 2436 864 C:\Users\USER\Desktop\veresiye\veresiye\main\admin.py changed, reloading.
INFO 2026-02-20 18:42:23,302 autoreload 12212 844 Watching for file changes with StatReloader
INFO 2026-02-20 18:42:30,221 log 12212 3584 "GET /admin/ HTTP/1.1" 200 7088
INFO 2026-02-20 18:42:33,486 log 12212 3584 "GET /admin/main/transaction/ HTTP/1.1" 200 8479
INFO 2026-02-20 18:42:33,530 log 12212 3584 "GET /admin/jsi18n/ HTTP/1.1" 200 3342
ERROR 2026-02-20 18:42:35,554 log 12212 3584 Internal Server Error: /admin/main/transaction/add/
Traceback (most recent call last):
  File "C:\Users\USER\Desktop\veresiye\my_env\Lib\site-packages\django\core\handlers\exception.py", line 55, in inner
    response = get_response(request)
  File "C:\Users\USER\Desktop\veresiye\my_env\Lib\site-packages\django\core\handlers\base.py", line 221, in _get_response
    response = response.render()
  File "C:\Users\USER\Desktop\veresiye\my_env\Lib\site-packages\django\template\response.py", line 114, in render
    self.content = self.rendered_content
                   ^^^^^^^^^^^^^^^^^^^^^
  File "C:\Users\USER\Desktop\veresiye\my_env\Lib\site-packages\django\template\response.py", line 92, in rendered_content
    return template.render(context, self._request)
           ~~~~~~~~~~~~~~~^^^^^^^^^^^^^^^^^^^^^^^^
  File "C:\Users\USER\Desktop\veresiye\my_env\Lib\site-packages\django\template\backends\django.py", line 107, in render
    return self.template.render(context)
           ~~~~~~~~~~~~~~~~~~~~^^^^^^^^^
  File "C:\Users\USER\Desktop\veresiye\my_env\Lib\site-packages\django\template\base.py", line 174, in render
    return self._render(context)
           ~~~~~~~~~~~~^^^^^^^^^
  File "C:\Users\USER\Desktop\veresiye\my_env\Lib\site-packages\django\template\base.py", line 166, in _render
    return self.nodelist.render(context)
           ~~~~~~~~~~~~~~~~~~~~^^^^^^^^^
  File "C:\Users\USER\Desktop\veresiye\my_env\Lib\site-packages\django\template\base.py", line 1091, in render
    return SafeString("".join([node.render_annotated(context) for node in self]))
                               ~~~~~~~~~~~~~~~~~~~~~^^^^^^^^^
  File "C:\Users\USER\Desktop\veresiye\my_env\Lib\site-packages\django\template\base.py", line 1052, in render_annotated
    return self.render(context)
           ~~~~~~~~~~~^^^^^^^^^
  File "C:\Users\USER\Desktop\veresiye\my_env\Lib\site-packages\django\template\loader_tags.py", line 160, in render
    return compiled_parent._render(context)
           ~~~~~~~~~~~~~~~~~~~~~~~^^^^^^^^^
  File "C:\Users\USER\Desktop\veresiye\my_env\Lib\site-packages\django\template\base.py", line 166, in _render
    return self.nodelist.render(context)
           ~~~~~~~~~~~~~~~~~~~~^^^^^^^^^
  File "C:\Users\USER\Desktop\veresiye\my_env\Lib\site-packages\django\template\base.py", line 1091, in render
    return SafeString("".join([node.render_annotated(context) for node in self]))
                               ~~~~~~~~~~~~~~~~~~~~~^^^^^^^^^
  File "C:\Users\USER\Desktop\veresiye\my_env\Lib\site-packages\django\template\base.py", line 1052, in render_annotated
    return self.render(context)
           ~~~~~~~~~~~^^^^^^^^^
  File "C:\Users\USER\Desktop\veresiye\my_env\Lib\site-packages\django\template\loader_tags.py", line 160, in render
    return compiled_parent._render(context)
           ~~~~~~~~~~~~~~~~~~~~~~~^^^^^^^^^
  File "C:\Users\USER\Desktop\veresiye\my_env\Lib\site-packages\django\template\base.py", line 166, in _render
    return self.nodelist.render(context)
           ~~~~~~~~~~~~~~~~~~~~^^^^^^^^^
  File "C:\Users\USER\Desktop\veresiye\my_env\Lib\site-packages\django\template\base.py", line 1091, in render
    return SafeString("".join([node.render_annotated(context) for node in self]))
                               ~~~~~~~~~~~~~~~~~~~~~^^^^^^^^^
  File "C:\Users\USER\Desktop\veresiye\my_env\Lib\site-packages\django\template\base.py", line 1052, in render_annotated
    return self.render(context)
           ~~~~~~~~~~~^^^^^^^^^
  File "C:\Users\USER\Desktop\veresiye\my_env\Lib\site-packages\django\template\loader_tags.py", line 66, in render
    result = block.nodelist.render(context)
  File "C:\Users\USER\Desktop\veresiye\my_env\Lib\site-packages\django\template\base.py", line 1091, in render
    return SafeString("".join([node.render_annotated(context) for node in self]))
                               ~~~~~~~~~~~~~~~~~~~~~^^^^^^^^^
  File "C:\Users\USER\Desktop\veresiye\my_env\Lib\site-packages\django\template\base.py", line 1052, in render_annotated
    return self.render(context)
           ~~~~~~~~~~~^^^^^^^^^
  File "C:\Users\USER\Desktop\veresiye\my_env\Lib\site-packages\django\template\loader_tags.py", line 66, in render
    result = block.nodelist.render(context)
  File "C:\Users\USER\Desktop\veresiye\my_env\Lib\site-packages\django\template\base.py", line 1091, in render
    return SafeString("".join([node.render_annotated(context) for node in self]))
                               ~~~~~~~~~~~~~~~~~~~~~^^^^^^^^^
  File "C:\Users\USER\Desktop\veresiye\my_env\Lib\site-packages\django\template\base.py", line 1052, in render_annotated
    return self.render(context)
           ~~~~~~~~~~~^^^^^^^^^
  File "C:\Users\USER\Desktop\veresiye\my_env\Lib\site-packages\django\template\defaulttags.py", line 249, in render
    nodelist.append(node.render_annotated(context))
                    ~~~~~~~~~~~~~~~~~~~~~^^^^^^^^^
  File "C:\Users\USER\Desktop\veresiye\my_env\Lib\site-packages\django\template\base.py", line 1052, in render_annotated
    return self.render(context)
           ~~~~~~~~~~~^^^^^^^^^
  File "C:\Users\USER\Desktop\veresiye\my_env\Lib\site-packages\django\template\loader_tags.py", line 211, in render
    return template.render(context)
           ~~~~~~~~~~~~~~~^^^^^^^^^
  File "C:\Users\USER\Desktop\veresiye\my_env\Lib\site-packages\django\template\base.py", line 176, in render
    return self._render(context)
           ~~~~~~~~~~~~^^^^^^^^^
  File "C:\Users\USER\Desktop\veresiye\my_env\Lib\site-packages\django\template\base.py", line 166, in _render
    return self.nodelist.render(context)
           ~~~~~~~~~~~~~~~~~~~~^^^^^^^^^
  File "C:\Users\USER\Desktop\veresiye\my_env\Lib\site-packages\django\template\base.py", line 1091, in render
    return SafeString("".join([node.render_annotated(context) for node in self]))
                               ~~~~~~~~~~~~~~~~~~~~~^^^^^^^^^
  File "C:\Users\USER\Desktop\veresiye\my_env\Lib\site-packages\django\template\base.py", line 1052, in render_annotated
    return self.render(context)
           ~~~~~~~~~~~^^^^^^^^^
  File "C:\Users\USER\Desktop\veresiye\my_env\Lib\site-packages\django\template\defaulttags.py", line 249, in render
    nodelist.append(node.render_annotated(context))
                    ~~~~~~~~~~~~~~~~~~~~~^^^^^^^^^
  File "C:\Users\USER\Desktop\veresiye\my_env\Lib\site-packages\django\template\base.py", line 1052, in render_annotated
    return self.render(context)
           ~~~~~~~~~~~^^^^^^^^^
  File "C:\Users\USER\Desktop\veresiye\my_env\Lib\site-packages\django\template\defaulttags.py", line 249, in render
    nodelist.append(node.render_annotated(context))
                    ~~~~~~~~~~~~~~~~~~~~~^^^^^^^^^
  File "C:\Users\USER\Desktop\veresiye\my_env\Lib\site-packages\django\template\base.py", line 1052, in render_annotated
    return self.render(context)
           ~~~~~~~~~~~^^^^^^^^^
  File "C:\Users\USER\Desktop\veresiye\my_env\Lib\site-packages\django\template\defaulttags.py", line 333, in render
    return nodelist.render(context)
           ~~~~~~~~~~~~~~~^^^^^^^^^
  File "C:\Users\USER\Desktop\veresiye\my_env\Lib\site-packages\django\template\base.py", line 1091, in render
    return SafeString("".join([node.render_annotated(context) for node in self]))
                               ~~~~~~~~~~~~~~~~~~~~~^^^^^^^^^
  File "C:\Users\USER\Desktop\veresiye\my_env\Lib\site-packages\django\template\base.py", line 1052, in render_annotated
    return self.render(context)
           ~~~~~~~~~~~^^^^^^^^^
  File "C:\Users\USER\Desktop\veresiye\my_env\Lib\site-packages\django\template\defaulttags.py", line 333, in render
    return nodelist.render(context)
           ~~~~~~~~~~~~~~~^^^^^^^^^
  File "C:\Users\USER\Desktop\veresiye\my_env\Lib\site-packages\django\template\base.py", line 1091, in render
    return SafeString("".join([node.render_annotated(context) for node in self]))
                               ~~~~~~~~~~~~~~~~~~~~~^^^^^^^^^
  File "C:\Users\USER\Desktop\veresiye\my_env\Lib\site-packages\django\template\base.py", line 1052, in render_annotated
    return self.render(context)
           ~~~~~~~~~~~^^^^^^^^^
  File "C:\Users\USER\Desktop\veresiye\my_env\Lib\site-packages\django\template\base.py", line 1156, in render
    return render_value_in_context(output, context)
  File "C:\Users\USER\Desktop\veresiye\my_env\Lib\site-packages\django\template\base.py", line 1133, in render_value_in_context
    value = str(value)
  File "C:\Users\USER\Desktop\veresiye\my_env\Lib\site-packages\django\forms\utils.py", line 79, in __str__
    return self.as_widget()
           ~~~~~~~~~~~~~~^^
  File "C:\Users\USER\Desktop\veresiye\my_env\Lib\site-packages\django\forms\boundfield.py", line 108, in as_widget
    return widget.render(
           ~~~~~~~~~~~~~^
        name=self.html_initial_name if only_initial else self.html_name,
        ^^^^^^^^^^^^^^^^^^^^^^^^^^^^^^^^^^^^^^^^^^^^^^^^^^^^^^^^^^^^^^^^
    ...<2 lines>...
        renderer=self.form.renderer,
        ^^^^^^^^^^^^^^^^^^^^^^^^^^^^
    )
    ^
  File "C:\Users\USER\Desktop\veresiye\my_env\Lib\site-packages\django\forms\widgets.py", line 330, in render
    context = self.get_context(name, value, attrs)
  File "C:\Users\USER\Desktop\veresiye\my_env\Lib\site-packages\django\contrib\admin\widgets.py", line 349, in get_context
    "rendered_widget": self.widget.render(name, value, attrs),
                       ~~~~~~~~~~~~~~~~~~^^^^^^^^^^^^^^^^^^^^
  File "C:\Users\USER\Desktop\veresiye\my_env\Lib\site-packages\django\forms\widgets.py", line 330, in render
    context = self.get_context(name, value, attrs)
  File "C:\Users\USER\Desktop\veresiye\my_env\Lib\site-packages\django\forms\widgets.py", line 833, in get_context
    context = super().get_context(name, value, attrs)
  File "C:\Users\USER\Desktop\veresiye\my_env\Lib\site-packages\django\forms\widgets.py", line 784, in get_context
    context["widget"]["optgroups"] = self.optgroups(
                                     ~~~~~~~~~~~~~~^
        name, context["widget"]["value"], attrs
        ^^^^^^^^^^^^^^^^^^^^^^^^^^^^^^^^^^^^^^^
    )
    ^
  File "C:\Users\USER\Desktop\veresiye\my_env\Lib\site-packages\django\forms\widgets.py", line 724, in optgroups
    for index, (option_value, option_label) in enumerate(self.choices):
                                               ~~~~~~~~~^^^^^^^^^^^^^^
  File "C:\Users\USER\Desktop\veresiye\my_env\Lib\site-packages\django\forms\models.py", line 1449, in __iter__
    yield self.choice(obj)
          ~~~~~~~~~~~^^^^^
  File "C:\Users\USER\Desktop\veresiye\my_env\Lib\site-packages\django\forms\models.py", line 1463, in choice
    self.field.label_from_instance(obj),
    ~~~~~~~~~~~~~~~~~~~~~~~~~~~~~~^^^^^
  File "C:\Users\USER\Desktop\veresiye\my_env\Lib\site-packages\django\forms\models.py", line 1553, in label_from_instance
    return str(obj)
TypeError: __str__ returned non-string (type NoneType)
ERROR 2026-02-20 18:42:35,594 log 12212 3584 "GET /admin/main/transaction/add/ HTTP/1.1" 500 488054
INFO 2026-02-20 18:43:40,800 autoreload 12212 844 C:\Users\USER\Desktop\veresiye\veresiye\main\admin.py changed, reloading.
INFO 2026-02-20 18:43:42,095 autoreload 5600 1844 Watching for file changes with StatReloader
INFO 2026-02-20 18:43:43,843 log 5600 3192 "GET /admin/main/transaction/ HTTP/1.1" 200 8907
ERROR 2026-02-20 18:43:46,637 log 5600 3192 Internal Server Error: /admin/main/apartment/
Traceback (most recent call last):
  File "C:\Users\USER\Desktop\veresiye\my_env\Lib\site-packages\django\db\models\options.py", line 684, in get_field
    return self.fields_map[field_name]
           ~~~~~~~~~~~~~~~^^^^^^^^^^^^
KeyError: 'action_checkbox'

During handling of the above exception, another exception occurred:

Traceback (most recent call last):
  File "C:\Users\USER\Desktop\veresiye\my_env\Lib\site-packages\django\contrib\admin\utils.py", line 293, in lookup_field
    f = _get_non_gfk_field(opts, name)
  File "C:\Users\USER\Desktop\veresiye\my_env\Lib\site-packages\django\contrib\admin\utils.py", line 333, in _get_non_gfk_field
    field = opts.get_field(name)
  File "C:\Users\USER\Desktop\veresiye\my_env\Lib\site-packages\django\db\models\options.py", line 686, in get_field
    raise FieldDoesNotExist(
        "%s has no field named '%s'" % (self.object_name, field_name)
    )
django.core.exceptions.FieldDoesNotExist: Apartment has no field named 'action_checkbox'

During handling of the above exception, another exception occurred:

Traceback (most recent call last):
  File "C:\Users\USER\Desktop\veresiye\my_env\Lib\site-packages\django\core\handlers\exception.py", line 55, in inner
    response = get_response(request)
  File "C:\Users\USER\Desktop\veresiye\my_env\Lib\site-packages\django\core\handlers\base.py", line 221, in _get_response
    response = response.render()
  File "C:\Users\USER\Desktop\veresiye\my_env\Lib\site-packages\django\template\response.py", line 114, in render
    self.content = self.rendered_content
                   ^^^^^^^^^^^^^^^^^^^^^
  File "C:\Users\USER\Desktop\veresiye\my_env\Lib\site-packages\django\template\response.py", line 92, in rendered_content
    return template.render(context, self._request)
           ~~~~~~~~~~~~~~~^^^^^^^^^^^^^^^^^^^^^^^^
  File "C:\Users\USER\Desktop\veresiye\my_env\Lib\site-packages\django\template\backends\django.py", line 107, in render
    return self.template.render(context)
           ~~~~~~~~~~~~~~~~~~~~^^^^^^^^^
  File "C:\Users\USER\Desktop\veresiye\my_env\Lib\site-packages\django\template\base.py", line 174, in render
    return self._render(context)
           ~~~~~~~~~~~~^^^^^^^^^
  File "C:\Users\USER\Desktop\veresiye\my_env\Lib\site-packages\django\template\base.py", line 166, in _render
    return self.nodelist.render(context)
           ~~~~~~~~~~~~~~~~~~~~^^^^^^^^^
  File "C:\Users\USER\Desktop\veresiye\my_env\Lib\site-packages\django\template\base.py", line 1091, in render
    return SafeString("".join([node.render_annotated(context) for node in self]))
                               ~~~~~~~~~~~~~~~~~~~~~^^^^^^^^^
  File "C:\Users\USER\Desktop\veresiye\my_env\Lib\site-packages\django\template\base.py", line 1052, in render_annotated
    return self.render(context)
           ~~~~~~~~~~~^^^^^^^^^
  File "C:\Users\USER\Desktop\veresiye\my_env\Lib\site-packages\django\template\loader_tags.py", line 160, in render
    return compiled_parent._render(context)
           ~~~~~~~~~~~~~~~~~~~~~~~^^^^^^^^^
  File "C:\Users\USER\Desktop\veresiye\my_env\Lib\site-packages\django\template\base.py", line 166, in _render
    return self.nodelist.render(context)
           ~~~~~~~~~~~~~~~~~~~~^^^^^^^^^
  File "C:\Users\USER\Desktop\veresiye\my_env\Lib\site-packages\django\template\base.py", line 1091, in render
    return SafeString("".join([node.render_annotated(context) for node in self]))
                               ~~~~~~~~~~~~~~~~~~~~~^^^^^^^^^
  File "C:\Users\USER\Desktop\veresiye\my_env\Lib\site-packages\django\template\base.py", line 1052, in render_annotated
    return self.render(context)
           ~~~~~~~~~~~^^^^^^^^^
  File "C:\Users\USER\Desktop\veresiye\my_env\Lib\site-packages\django\template\loader_tags.py", line 160, in render
    return compiled_parent._render(context)
           ~~~~~~~~~~~~~~~~~~~~~~~^^^^^^^^^
  File "C:\Users\USER\Desktop\veresiye\my_env\Lib\site-packages\django\template\base.py", line 166, in _render
    return self.nodelist.render(context)
           ~~~~~~~~~~~~~~~~~~~~^^^^^^^^^
  File "C:\Users\USER\Desktop\veresiye\my_env\Lib\site-packages\django\template\base.py", line 1091, in render
    return SafeString("".join([node.render_annotated(context) for node in self]))
                               ~~~~~~~~~~~~~~~~~~~~~^^^^^^^^^
  File "C:\Users\USER\Desktop\veresiye\my_env\Lib\site-packages\django\template\base.py", line 1052, in render_annotated
    return self.render(context)
           ~~~~~~~~~~~^^^^^^^^^
  File "C:\Users\USER\Desktop\veresiye\my_env\Lib\site-packages\django\template\loader_tags.py", line 66, in render
    result = block.nodelist.render(context)
  File "C:\Users\USER\Desktop\veresiye\my_env\Lib\site-packages\django\template\base.py", line 1091, in render
    return SafeString("".join([node.render_annotated(context) for node in self]))
                               ~~~~~~~~~~~~~~~~~~~~~^^^^^^^^^
  File "C:\Users\USER\Desktop\veresiye\my_env\Lib\site-packages\django\template\base.py", line 1052, in render_annotated
    return self.render(context)
           ~~~~~~~~~~~^^^^^^^^^
  File "C:\Users\USER\Desktop\veresiye\my_env\Lib\site-packages\django\template\loader_tags.py", line 66, in render
    result = block.nodelist.render(context)
  File "C:\Users\USER\Desktop\veresiye\my_env\Lib\site-packages\django\template\base.py", line 1091, in render
    return SafeString("".join([node.render_annotated(context) for node in self]))
                               ~~~~~~~~~~~~~~~~~~~~~^^^^^^^^^
  File "C:\Users\USER\Desktop\veresiye\my_env\Lib\site-packages\django\template\base.py", line 1052, in render_annotated
    return self.render(context)
           ~~~~~~~~~~~^^^^^^^^^
  File "C:\Users\USER\Desktop\veresiye\my_env\Lib\site-packages\django\contrib\admin\templatetags\base.py", line 47, in render
    return super().render(context)
           ~~~~~~~~~~~~~~^^^^^^^^^
  File "C:\Users\USER\Desktop\veresiye\my_env\Lib\site-packages\django\template\library.py", line 363, in render
    _dict = self.func(*resolved_args, **resolved_kwargs)
  File "C:\Users\USER\Desktop\veresiye\my_env\Lib\site-packages\django\contrib\admin\templatetags\admin_list.py", line 357, in result_list
    "results": list(results(cl)),
               ~~~~^^^^^^^^^^^^^
  File "C:\Users\USER\Desktop\veresiye\my_env\Lib\site-packages\django\contrib\admin\templatetags\admin_list.py", line 333, in results
    yield ResultList(None, items_for_result(cl, res, None))
          ~~~~~~~~~~^^^^^^^^^^^^^^^^^^^^^^^^^^^^^^^^^^^^^^^
  File "C:\Users\USER\Desktop\veresiye\my_env\Lib\site-packages\django\contrib\admin\templatetags\admin_list.py", line 324, in __init__
    super().__init__(*items)
    ~~~~~~~~~~~~~~~~^^^^^^^^
  File "C:\Users\USER\Desktop\veresiye\my_env\Lib\site-packages\django\contrib\admin\templatetags\admin_list.py", line 221, in items_for_result
    f, attr, value = lookup_field(field_name, result, cl.model_admin)
                     ~~~~~~~~~~~~^^^^^^^^^^^^^^^^^^^^^^^^^^^^^^^^^^^^
  File "C:\Users\USER\Desktop\veresiye\my_env\Lib\site-packages\django\contrib\admin\utils.py", line 302, in lookup_field
    value = attr(obj)
  File "C:\Users\USER\Desktop\veresiye\my_env\Lib\site-packages\django\contrib\admin\options.py", line 989, in action_checkbox
    _("Select this object for an action - {}"), str(obj)
                                                ~~~^^^^^
TypeError: __str__ returned non-string (type NoneType)
ERROR 2026-02-20 18:43:46,706 log 5600 3192 "GET /admin/main/apartment/ HTTP/1.1" 500 334396
INFO 2026-02-20 18:44:26,689 autoreload 5600 1844 C:\Users\USER\Desktop\veresiye\veresiye\main\models.py changed, reloading.
INFO 2026-02-20 18:44:27,573 autoreload 8980 1336 Watching for file changes with StatReloader
INFO 2026-02-20 18:44:34,993 log 8980 8036 "GET /admin/main/transaction/ HTTP/1.1" 200 8907
INFO 2026-02-20 18:44:36,508 log 8980 8036 "GET /admin/main/transaction/ HTTP/1.1" 200 8907
INFO 2026-02-20 18:44:36,548 log 8980 8036 "GET /admin/jsi18n/ HTTP/1.1" 200 3342
INFO 2026-02-20 18:44:37,991 log 8980 8036 "GET /admin/main/apartment/ HTTP/1.1" 200 10908
INFO 2026-02-20 18:44:38,040 log 8980 8036 "GET /admin/jsi18n/ HTTP/1.1" 200 3342
INFO 2026-02-20 18:44:40,653 log 8980 8036 "GET /admin/main/transaction/ HTTP/1.1" 200 8907
INFO 2026-02-20 18:44:40,696 log 8980 8036 "GET /admin/jsi18n/ HTTP/1.1" 200 3342
INFO 2026-02-20 18:44:42,386 log 8980 8036 "GET /admin/main/transaction/add/ HTTP/1.1" 200 19551
INFO 2026-02-20 18:44:42,427 log 8980 10308 "GET /admin/jsi18n/ HTTP/1.1" 200 3342
INFO 2026-02-20 18:44:42,516 log 8980 8036 "GET /static/admin/css/forms.css HTTP/1.1" 200 8817
INFO 2026-02-20 18:44:42,529 log 8980 11344 "GET /static/admin/js/prepopulate_init.js HTTP/1.1" 200 586
INFO 2026-02-20 18:44:42,559 log 8980 11344 "GET /static/admin/css/widgets.css HTTP/1.1" 200 11811
INFO 2026-02-20 18:44:42,570 log 8980 8036 "GET /static/admin/img/icon-deletelink.svg HTTP/1.1" 200 689
INFO 2026-02-20 18:44:42,594 log 8980 11344 "GET /static/admin/js/change_form.js HTTP/1.1" 200 606
INFO 2026-02-20 18:45:06,574 log 8980 11344 "POST /admin/main/transaction/add/ HTTP/1.1" 302 0
INFO 2026-02-20 18:45:06,600 log 8980 11344 "GET /admin/main/transaction/ HTTP/1.1" 200 10417
INFO 2026-02-20 18:45:06,648 log 8980 11344 "GET /admin/jsi18n/ HTTP/1.1" 200 3342
INFO 2026-02-20 18:45:06,697 log 8980 11344 "GET /static/admin/img/icon-yes.svg HTTP/1.1" 200 558
INFO 2026-02-20 18:45:12,838 log 8980 11344 "GET / HTTP/1.1" 200 76733
INFO 2026-02-20 18:45:12,871 log 8980 11344 "GET /static/css/output.css HTTP/1.1" 304 0
ERROR 2026-02-20 18:45:16,143 log 8980 11344 Internal Server Error: /apartment/A1/
Traceback (most recent call last):
  File "C:\Users\USER\Desktop\veresiye\my_env\Lib\site-packages\django\core\handlers\exception.py", line 55, in inner
    response = get_response(request)
  File "C:\Users\USER\Desktop\veresiye\my_env\Lib\site-packages\django\core\handlers\base.py", line 198, in _get_response
    response = wrapped_callback(request, *callback_args, **callback_kwargs)
  File "C:\Users\USER\Desktop\veresiye\veresiye\main\views.py", line 31, in apartment_detail
    apartment.total_debt = apartment.total_debt()
                           ~~~~~~~~~~~~~~~~~~~~^^
  File "C:\Users\USER\Desktop\veresiye\veresiye\main\models.py", line 14, in total_debt
    total_debt = self.transactions.filter(is_debt=True).aggregate(models.Sum('amount'))['amount__sum'] or 0
                 ~~~~~~~~~~~~~~~~~~~~~~~~^^^^^^^^^^^^^^
  File "C:\Users\USER\Desktop\veresiye\my_env\Lib\site-packages\django\db\models\query.py", line 1542, in filter
    return self._filter_or_exclude(False, args, kwargs)
           ~~~~~~~~~~~~~~~~~~~~~~~^^^^^^^^^^^^^^^^^^^^^
  File "C:\Users\USER\Desktop\veresiye\my_env\Lib\site-packages\django\db\models\query.py", line 1554, in _filter_or_exclude
    raise TypeError("Cannot filter a query once a slice has been taken.")
TypeError: Cannot filter a query once a slice has been taken.
ERROR 2026-02-20 18:45:16,149 log 8980 11344 "GET /apartment/A1/ HTTP/1.1" 500 84015
INFO 2026-02-20 18:46:46,374 autoreload 8980 1336 C:\Users\USER\Desktop\veresiye\veresiye\main\views.py changed, reloading.
INFO 2026-02-20 18:46:47,273 autoreload 536 3052 Watching for file changes with StatReloader
INFO 2026-02-20 18:46:52,138 log 536 4256 "GET /apartment/A1/ HTTP/1.1" 200 4085
INFO 2026-02-20 18:46:52,175 log 536 4256 "GET /static/css/output.css HTTP/1.1" 304 0
INFO 2026-02-20 18:47:54,890 log 536 4256 "GET /apartment/A1/ HTTP/1.1" 200 4085
INFO 2026-02-20 18:47:54,930 log 536 4256 "GET /static/css/output.css HTTP/1.1" 304 0
INFO 2026-02-20 18:48:07,667 log 536 4256 "GET /admin/main/transaction/add/ HTTP/1.1" 200 19551
INFO 2026-02-20 18:48:07,710 log 536 4256 "GET /admin/jsi18n/ HTTP/1.1" 200 3342
INFO 2026-02-20 18:48:19,771 log 536 4256 "POST /admin/main/transaction/add/ HTTP/1.1" 302 0
INFO 2026-02-20 18:48:19,810 log 536 4256 "GET /admin/main/transaction/ HTTP/1.1" 200 10706
INFO 2026-02-20 18:48:19,857 log 536 4256 "GET /admin/jsi18n/ HTTP/1.1" 200 3342
INFO 2026-02-20 18:48:21,562 log 536 4256 "GET /admin/main/transaction/add/ HTTP/1.1" 200 19551
INFO 2026-02-20 18:48:21,602 log 536 4256 "GET /admin/jsi18n/ HTTP/1.1" 200 3342
INFO 2026-02-20 18:48:36,560 log 536 4256 "POST /admin/main/transaction/add/ HTTP/1.1" 302 0
INFO 2026-02-20 18:48:36,588 log 536 4256 "GET /admin/main/transaction/ HTTP/1.1" 200 10994
INFO 2026-02-20 18:48:36,642 log 536 4256 "GET /admin/jsi18n/ HTTP/1.1" 200 3342
INFO 2026-02-20 18:48:39,340 log 536 4256 "GET /apartment/A1/ HTTP/1.1" 200 4515
INFO 2026-02-20 18:48:48,359 log 536 4256 "GET /admin/main/transaction/add/ HTTP/1.1" 200 19551
INFO 2026-02-20 18:48:48,404 log 536 4256 "GET /admin/jsi18n/ HTTP/1.1" 200 3342
INFO 2026-02-20 18:49:00,440 log 536 4256 "POST /admin/main/transaction/add/ HTTP/1.1" 302 0
INFO 2026-02-20 18:49:00,471 log 536 4256 "GET /admin/main/transaction/ HTTP/1.1" 200 11291
INFO 2026-02-20 18:49:00,518 log 536 4256 "GET /admin/jsi18n/ HTTP/1.1" 200 3342
INFO 2026-02-20 18:49:03,467 log 536 4256 "GET /apartment/A1/ HTTP/1.1" 200 4733
INFO 2026-02-20 18:49:03,505 log 536 4256 "GET /static/css/output.css HTTP/1.1" 304 0
INFO 2026-02-20 18:49:34,633 log 536 4256 "GET /apartment/A1/ HTTP/1.1" 200 4733
INFO 2026-02-20 18:51:00,421 log 536 4256 "GET /apartment/A1/ HTTP/1.1" 200 4781
INFO 2026-02-20 18:51:00,514 log 536 4256 "GET /static/css/output.css HTTP/1.1" 200 92595
INFO 2026-02-20 18:52:16,893 log 536 4256 "GET /apartment/A1/ HTTP/1.1" 200 4781
INFO 2026-02-20 18:52:16,926 log 536 4256 "GET /static/css/output.css HTTP/1.1" 304 0
INFO 2026-02-20 18:52:17,715 log 536 4256 "GET /apartment/A1/ HTTP/1.1" 200 4781
INFO 2026-02-20 18:52:50,004 log 536 4256 "GET /apartment/A1/ HTTP/1.1" 200 4796
INFO 2026-02-20 18:52:50,039 log 536 4256 "GET /static/css/output.css HTTP/1.1" 200 92704
INFO 2026-02-20 18:53:51,411 log 536 4256 "GET /apartment/A1/ HTTP/1.1" 200 4814
INFO 2026-02-20 18:53:51,443 log 536 4256 "GET /static/css/output.css HTTP/1.1" 200 92932
INFO 2026-02-20 18:54:42,439 log 536 7964 "GET /apartment/A1/ HTTP/1.1" 200 4818
INFO 2026-02-20 18:54:42,472 log 536 7964 "GET /static/css/output.css HTTP/1.1" 200 93488
INFO 2026-02-20 18:55:04,755 log 536 7964 "GET /apartment/A1/ HTTP/1.1" 200 4811
INFO 2026-02-20 18:55:04,795 log 536 7964 "GET /static/css/output.css HTTP/1.1" 200 93543
INFO 2026-02-20 18:55:43,548 log 536 7964 "GET /static/css/output.css HTTP/1.1" 304 0
WARNING 2026-02-20 18:55:43,639 log 536 7964 Not Found: /.well-known/appspecific/com.chrome.devtools.json
WARNING 2026-02-20 18:55:43,640 log 536 7964 "GET /.well-known/appspecific/com.chrome.devtools.json HTTP/1.1" 404 3119
INFO 2026-02-20 18:58:14,202 log 536 1656 "GET /apartment/A1/ HTTP/1.1" 200 3445
INFO 2026-02-20 18:58:14,238 log 536 1656 "GET /static/css/output.css HTTP/1.1" 304 0
ERROR 2026-02-20 18:58:24,294 log 536 1656 Internal Server Error: /apartment/A1/
Traceback (most recent call last):
  File "C:\Users\USER\Desktop\veresiye\my_env\Lib\site-packages\django\template\backends\django.py", line 107, in render
    return self.template.render(context)
           ~~~~~~~~~~~~~~~~~~~~^^^^^^^^^
  File "C:\Users\USER\Desktop\veresiye\my_env\Lib\site-packages\django\template\base.py", line 174, in render
    return self._render(context)
           ~~~~~~~~~~~~^^^^^^^^^
  File "C:\Users\USER\Desktop\veresiye\my_env\Lib\site-packages\django\template\base.py", line 166, in _render
    return self.nodelist.render(context)
           ~~~~~~~~~~~~~~~~~~~~^^^^^^^^^
  File "C:\Users\USER\Desktop\veresiye\my_env\Lib\site-packages\django\template\base.py", line 1091, in render
    return SafeString("".join([node.render_annotated(context) for node in self]))
                               ~~~~~~~~~~~~~~~~~~~~~^^^^^^^^^
  File "C:\Users\USER\Desktop\veresiye\my_env\Lib\site-packages\django\template\base.py", line 1052, in render_annotated
    return self.render(context)
           ~~~~~~~~~~~^^^^^^^^^
  File "C:\Users\USER\Desktop\veresiye\my_env\Lib\site-packages\django\template\loader_tags.py", line 160, in render
    return compiled_parent._render(context)
           ~~~~~~~~~~~~~~~~~~~~~~~^^^^^^^^^
  File "C:\Users\USER\Desktop\veresiye\my_env\Lib\site-packages\django\template\base.py", line 166, in _render
    return self.nodelist.render(context)
           ~~~~~~~~~~~~~~~~~~~~^^^^^^^^^
  File "C:\Users\USER\Desktop\veresiye\my_env\Lib\site-packages\django\template\base.py", line 1091, in render
    return SafeString("".join([node.render_annotated(context) for node in self]))
                               ~~~~~~~~~~~~~~~~~~~~~^^^^^^^^^
  File "C:\Users\USER\Desktop\veresiye\my_env\Lib\site-packages\django\template\base.py", line 1052, in render_annotated
    return self.render(context)
           ~~~~~~~~~~~^^^^^^^^^
  File "C:\Users\USER\Desktop\veresiye\my_env\Lib\site-packages\django\template\loader_tags.py", line 66, in render
    result = block.nodelist.render(context)
  File "C:\Users\USER\Desktop\veresiye\my_env\Lib\site-packages\django\template\base.py", line 1091, in render
    return SafeString("".join([node.render_annotated(context) for node in self]))
                               ~~~~~~~~~~~~~~~~~~~~~^^^^^^^^^
  File "C:\Users\USER\Desktop\veresiye\my_env\Lib\site-packages\django\template\base.py", line 1052, in render_annotated
    return self.render(context)
           ~~~~~~~~~~~^^^^^^^^^
  File "C:\Users\USER\Desktop\veresiye\my_env\Lib\site-packages\django\template\loader_tags.py", line 200, in render
    template = context.template.engine.select_template(template_name)
  File "C:\Users\USER\Desktop\veresiye\my_env\Lib\site-packages\django\template\engine.py", line 234, in select_template
    raise TemplateDoesNotExist(", ".join(not_found))
django.template.exceptions.TemplateDoesNotExist: /partials/transaction_table.html

The above exception was the direct cause of the following exception:

Traceback (most recent call last):
  File "C:\Users\USER\Desktop\veresiye\my_env\Lib\site-packages\django\core\handlers\exception.py", line 55, in inner
    response = get_response(request)
  File "C:\Users\USER\Desktop\veresiye\my_env\Lib\site-packages\django\core\handlers\base.py", line 198, in _get_response
    response = wrapped_callback(request, *callback_args, **callback_kwargs)
  File "C:\Users\USER\Desktop\veresiye\veresiye\main\views.py", line 41, in apartment_detail
    return render(request, 'apartment_detail.html', context)
  File "C:\Users\USER\Desktop\veresiye\my_env\Lib\site-packages\django\shortcuts.py", line 25, in render
    content = loader.render_to_string(template_name, context, request, using=using)
  File "C:\Users\USER\Desktop\veresiye\my_env\Lib\site-packages\django\template\loader.py", line 62, in render_to_string
    return template.render(context, request)
           ~~~~~~~~~~~~~~~^^^^^^^^^^^^^^^^^^
  File "C:\Users\USER\Desktop\veresiye\my_env\Lib\site-packages\django\template\backends\django.py", line 109, in render
    reraise(exc, self.backend)
    ~~~~~~~^^^^^^^^^^^^^^^^^^^
  File "C:\Users\USER\Desktop\veresiye\my_env\Lib\site-packages\django\template\backends\django.py", line 130, in reraise
    raise new from exc
django.template.exceptions.TemplateDoesNotExist: /partials/transaction_table.html
ERROR 2026-02-20 18:58:24,309 log 536 1656 "GET /apartment/A1/ HTTP/1.1" 500 155539
INFO 2026-02-20 18:58:49,207 log 536 1656 "GET /apartment/A1/ HTTP/1.1" 200 3445
INFO 2026-02-20 18:58:49,248 log 536 1656 "GET /static/css/output.css HTTP/1.1" 304 0
INFO 2026-02-20 18:58:49,957 log 536 1656 "GET /apartment/A1/ HTTP/1.1" 200 3445
INFO 2026-02-20 18:59:43,306 log 536 1656 "GET /apartment/A1/ HTTP/1.1" 200 3559
INFO 2026-02-20 18:59:43,346 log 536 1656 "GET /static/css/output.css HTTP/1.1" 304 0
INFO 2026-02-20 19:00:34,968 log 536 1656 "GET /apartment/A1/ HTTP/1.1" 200 3559
INFO 2026-02-20 19:00:35,007 log 536 1656 "GET /static/css/output.css HTTP/1.1" 304 0
INFO 2026-02-20 19:00:35,483 log 536 1656 "GET /apartment/A1/ HTTP/1.1" 200 3559
INFO 2026-02-20 19:00:35,685 log 536 1656 "GET /apartment/A1/ HTTP/1.1" 200 3559
ERROR 2026-02-20 19:01:04,615 log 536 1656 Internal Server Error: /apartment/A1/
Traceback (most recent call last):
  File "C:\Users\USER\Desktop\veresiye\my_env\Lib\site-packages\django\template\backends\django.py", line 107, in render
    return self.template.render(context)
           ~~~~~~~~~~~~~~~~~~~~^^^^^^^^^
  File "C:\Users\USER\Desktop\veresiye\my_env\Lib\site-packages\django\template\base.py", line 174, in render
    return self._render(context)
           ~~~~~~~~~~~~^^^^^^^^^
  File "C:\Users\USER\Desktop\veresiye\my_env\Lib\site-packages\django\template\base.py", line 166, in _render
    return self.nodelist.render(context)
           ~~~~~~~~~~~~~~~~~~~~^^^^^^^^^
  File "C:\Users\USER\Desktop\veresiye\my_env\Lib\site-packages\django\template\base.py", line 1091, in render
    return SafeString("".join([node.render_annotated(context) for node in self]))
                               ~~~~~~~~~~~~~~~~~~~~~^^^^^^^^^
  File "C:\Users\USER\Desktop\veresiye\my_env\Lib\site-packages\django\template\base.py", line 1052, in render_annotated
    return self.render(context)
           ~~~~~~~~~~~^^^^^^^^^
  File "C:\Users\USER\Desktop\veresiye\my_env\Lib\site-packages\django\template\loader_tags.py", line 160, in render
    return compiled_parent._render(context)
           ~~~~~~~~~~~~~~~~~~~~~~~^^^^^^^^^
  File "C:\Users\USER\Desktop\veresiye\my_env\Lib\site-packages\django\template\base.py", line 166, in _render
    return self.nodelist.render(context)
           ~~~~~~~~~~~~~~~~~~~~^^^^^^^^^
  File "C:\Users\USER\Desktop\veresiye\my_env\Lib\site-packages\django\template\base.py", line 1091, in render
    return SafeString("".join([node.render_annotated(context) for node in self]))
                               ~~~~~~~~~~~~~~~~~~~~~^^^^^^^^^
  File "C:\Users\USER\Desktop\veresiye\my_env\Lib\site-packages\django\template\base.py", line 1052, in render_annotated
    return self.render(context)
           ~~~~~~~~~~~^^^^^^^^^
  File "C:\Users\USER\Desktop\veresiye\my_env\Lib\site-packages\django\template\loader_tags.py", line 66, in render
    result = block.nodelist.render(context)
  File "C:\Users\USER\Desktop\veresiye\my_env\Lib\site-packages\django\template\base.py", line 1091, in render
    return SafeString("".join([node.render_annotated(context) for node in self]))
                               ~~~~~~~~~~~~~~~~~~~~~^^^^^^^^^
  File "C:\Users\USER\Desktop\veresiye\my_env\Lib\site-packages\django\template\base.py", line 1052, in render_annotated
    return self.render(context)
           ~~~~~~~~~~~^^^^^^^^^
  File "C:\Users\USER\Desktop\veresiye\my_env\Lib\site-packages\django\template\loader_tags.py", line 200, in render
    template = context.template.engine.select_template(template_name)
  File "C:\Users\USER\Desktop\veresiye\my_env\Lib\site-packages\django\template\engine.py", line 234, in select_template
    raise TemplateDoesNotExist(", ".join(not_found))
django.template.exceptions.TemplateDoesNotExist: templates/partials/transaction_table.html

The above exception was the direct cause of the following exception:

Traceback (most recent call last):
  File "C:\Users\USER\Desktop\veresiye\my_env\Lib\site-packages\django\core\handlers\exception.py", line 55, in inner
    response = get_response(request)
  File "C:\Users\USER\Desktop\veresiye\my_env\Lib\site-packages\django\core\handlers\base.py", line 198, in _get_response
    response = wrapped_callback(request, *callback_args, **callback_kwargs)
  File "C:\Users\USER\Desktop\veresiye\veresiye\main\views.py", line 41, in apartment_detail
    return render(request, 'apartment_detail.html', context)
  File "C:\Users\USER\Desktop\veresiye\my_env\Lib\site-packages\django\shortcuts.py", line 25, in render
    content = loader.render_to_string(template_name, context, request, using=using)
  File "C:\Users\USER\Desktop\veresiye\my_env\Lib\site-packages\django\template\loader.py", line 62, in render_to_string
    return template.render(context, request)
           ~~~~~~~~~~~~~~~^^^^^^^^^^^^^^^^^^
  File "C:\Users\USER\Desktop\veresiye\my_env\Lib\site-packages\django\template\backends\django.py", line 109, in render
    reraise(exc, self.backend)
    ~~~~~~~^^^^^^^^^^^^^^^^^^^
  File "C:\Users\USER\Desktop\veresiye\my_env\Lib\site-packages\django\template\backends\django.py", line 130, in reraise
    raise new from exc
django.template.exceptions.TemplateDoesNotExist: templates/partials/transaction_table.html
ERROR 2026-02-20 19:01:04,632 log 536 1656 "GET /apartment/A1/ HTTP/1.1" 500 156153
INFO 2026-02-20 19:01:41,408 log 536 1656 "GET /apartment/A1/ HTTP/1.1" 200 4815
INFO 2026-02-20 19:01:41,447 log 536 1656 "GET /static/css/output.css HTTP/1.1" 304 0
INFO 2026-02-20 19:02:43,832 log 536 1656 "GET /apartment/A1/ HTTP/1.1" 200 4849
INFO 2026-02-20 19:02:43,866 log 536 1656 "GET /static/css/output.css HTTP/1.1" 304 0
INFO 2026-02-20 19:02:44,402 log 536 1656 "GET /apartment/A1/ HTTP/1.1" 200 4849
INFO 2026-02-20 19:02:44,639 log 536 1656 "GET /apartment/A1/ HTTP/1.1" 200 4849
INFO 2026-02-20 19:02:45,202 log 536 1656 "GET /apartment/A1/ HTTP/1.1" 200 4849
WARNING 2026-02-20 19:03:10,774 log 536 1656 Not Found: /.well-known/appspecific/com.chrome.devtools.json
WARNING 2026-02-20 19:03:10,777 log 536 1656 "GET /.well-known/appspecific/com.chrome.devtools.json HTTP/1.1" 404 3119
ERROR 2026-02-20 19:06:38,539 log 536 1656 Internal Server Error: /apartment/A1/
Traceback (most recent call last):
  File "C:\Users\USER\Desktop\veresiye\my_env\Lib\site-packages\django\core\handlers\exception.py", line 55, in inner
    response = get_response(request)
  File "C:\Users\USER\Desktop\veresiye\my_env\Lib\site-packages\django\core\handlers\base.py", line 198, in _get_response
    response = wrapped_callback(request, *callback_args, **callback_kwargs)
  File "C:\Users\USER\Desktop\veresiye\veresiye\main\views.py", line 41, in apartment_detail
    return render(request, 'apartment_detail.html', context)
  File "C:\Users\USER\Desktop\veresiye\my_env\Lib\site-packages\django\shortcuts.py", line 25, in render
    content = loader.render_to_string(template_name, context, request, using=using)
  File "C:\Users\USER\Desktop\veresiye\my_env\Lib\site-packages\django\template\loader.py", line 62, in render_to_string
    return template.render(context, request)
           ~~~~~~~~~~~~~~~^^^^^^^^^^^^^^^^^^
  File "C:\Users\USER\Desktop\veresiye\my_env\Lib\site-packages\django\template\backends\django.py", line 107, in render
    return self.template.render(context)
           ~~~~~~~~~~~~~~~~~~~~^^^^^^^^^
  File "C:\Users\USER\Desktop\veresiye\my_env\Lib\site-packages\django\template\base.py", line 174, in render
    return self._render(context)
           ~~~~~~~~~~~~^^^^^^^^^
  File "C:\Users\USER\Desktop\veresiye\my_env\Lib\site-packages\django\template\base.py", line 166, in _render
    return self.nodelist.render(context)
           ~~~~~~~~~~~~~~~~~~~~^^^^^^^^^
  File "C:\Users\USER\Desktop\veresiye\my_env\Lib\site-packages\django\template\base.py", line 1091, in render
    return SafeString("".join([node.render_annotated(context) for node in self]))
                               ~~~~~~~~~~~~~~~~~~~~~^^^^^^^^^
  File "C:\Users\USER\Desktop\veresiye\my_env\Lib\site-packages\django\template\base.py", line 1052, in render_annotated
    return self.render(context)
           ~~~~~~~~~~~^^^^^^^^^
  File "C:\Users\USER\Desktop\veresiye\my_env\Lib\site-packages\django\template\loader_tags.py", line 160, in render
    return compiled_parent._render(context)
           ~~~~~~~~~~~~~~~~~~~~~~~^^^^^^^^^
  File "C:\Users\USER\Desktop\veresiye\my_env\Lib\site-packages\django\template\base.py", line 166, in _render
    return self.nodelist.render(context)
           ~~~~~~~~~~~~~~~~~~~~^^^^^^^^^
  File "C:\Users\USER\Desktop\veresiye\my_env\Lib\site-packages\django\template\base.py", line 1091, in render
    return SafeString("".join([node.render_annotated(context) for node in self]))
                               ~~~~~~~~~~~~~~~~~~~~~^^^^^^^^^
  File "C:\Users\USER\Desktop\veresiye\my_env\Lib\site-packages\django\template\base.py", line 1052, in render_annotated
    return self.render(context)
           ~~~~~~~~~~~^^^^^^^^^
  File "C:\Users\USER\Desktop\veresiye\my_env\Lib\site-packages\django\template\loader_tags.py", line 66, in render
    result = block.nodelist.render(context)
  File "C:\Users\USER\Desktop\veresiye\my_env\Lib\site-packages\django\template\base.py", line 1091, in render
    return SafeString("".join([node.render_annotated(context) for node in self]))
                               ~~~~~~~~~~~~~~~~~~~~~^^^^^^^^^
  File "C:\Users\USER\Desktop\veresiye\my_env\Lib\site-packages\django\template\base.py", line 1052, in render_annotated
    return self.render(context)
           ~~~~~~~~~~~^^^^^^^^^
  File "C:\Users\USER\Desktop\veresiye\my_env\Lib\site-packages\django\template\defaulttags.py", line 511, in render
    url = reverse(view_name, args=args, kwargs=kwargs, current_app=current_app)
  File "C:\Users\USER\Desktop\veresiye\my_env\Lib\site-packages\django\urls\base.py", line 98, in reverse
    resolved_url = resolver._reverse_with_prefix(view, prefix, *args, **kwargs)
  File "C:\Users\USER\Desktop\veresiye\my_env\Lib\site-packages\django\urls\resolvers.py", line 842, in _reverse_with_prefix
    raise NoReverseMatch(msg)
django.urls.exceptions.NoReverseMatch: Reverse for 'htmx_transaction_list' not found. 'htmx_transaction_list' is not a valid view function or pattern name.
ERROR 2026-02-20 19:06:38,553 log 536 1656 "GET /apartment/A1/ HTTP/1.1" 500 157122
INFO 2026-02-20 19:07:07,146 autoreload 536 3052 C:\Users\USER\Desktop\veresiye\veresiye\main\urls.py changed, reloading.
INFO 2026-02-20 19:07:08,428 autoreload 4320 10744 Watching for file changes with StatReloader
INFO 2026-02-20 19:07:17,284 autoreload 4320 10744 C:\Users\USER\Desktop\veresiye\veresiye\main\views.py changed, reloading.
INFO 2026-02-20 19:07:18,133 autoreload 4792 2840 Watching for file changes with StatReloader
INFO 2026-02-20 19:07:21,113 log 4792 6068 "GET /apartment/A1/ HTTP/1.1" 200 5026
INFO 2026-02-20 19:07:21,148 log 4792 6068 "GET /static/css/output.css HTTP/1.1" 304 0
INFO 2026-02-20 19:07:23,990 log 4792 6068 "GET /apartment/A1/transactions/ HTTP/1.1" 200 347
INFO 2026-02-20 19:07:25,338 log 4792 6068 "GET /apartment/A1/transactions/ HTTP/1.1" 200 347
INFO 2026-02-20 19:07:25,820 log 4792 6068 "GET /apartment/A1/transactions/ HTTP/1.1" 200 347
INFO 2026-02-20 19:07:26,035 log 4792 6068 "GET /apartment/A1/transactions/ HTTP/1.1" 200 347
WARNING 2026-02-20 19:07:55,659 log 4792 6068 Not Found: /.well-known/appspecific/com.chrome.devtools.json
WARNING 2026-02-20 19:07:55,659 log 4792 6068 "GET /.well-known/appspecific/com.chrome.devtools.json HTTP/1.1" 404 3434
INFO 2026-02-20 19:07:59,519 log 4792 6068 "GET /apartment/A1/ HTTP/1.1" 200 5026
WARNING 2026-02-20 19:07:59,630 log 4792 6068 Not Found: /.well-known/appspecific/com.chrome.devtools.json
WARNING 2026-02-20 19:07:59,631 log 4792 6068 "GET /.well-known/appspecific/com.chrome.devtools.json HTTP/1.1" 404 3434
INFO 2026-02-20 19:08:04,415 log 4792 6068 "GET /apartment/A1/transactions/ HTTP/1.1" 200 347
INFO 2026-02-20 19:09:00,308 autoreload 4792 2840 C:\Users\USER\Desktop\veresiye\veresiye\main\views.py changed, reloading.
INFO 2026-02-20 19:09:01,190 autoreload 8960 9840 Watching for file changes with StatReloader
INFO 2026-02-20 19:10:01,373 log 8960 11320 "GET /apartment/A1/ HTTP/1.1" 200 5026
INFO 2026-02-20 19:10:01,415 log 8960 11320 "GET /static/css/output.css HTTP/1.1" 304 0
WARNING 2026-02-20 19:10:01,427 log 8960 5124 Not Found: /.well-known/appspecific/com.chrome.devtools.json
WARNING 2026-02-20 19:10:01,432 log 8960 5124 "GET /.well-known/appspecific/com.chrome.devtools.json HTTP/1.1" 404 3434
INFO 2026-02-20 19:10:06,670 log 8960 5124 "GET /apartment/A1/transactions/ HTTP/1.1" 200 347
INFO 2026-02-20 19:10:59,126 autoreload 8960 9840 C:\Users\USER\Desktop\veresiye\veresiye\main\views.py changed, reloading.
INFO 2026-02-20 19:11:00,172 autoreload 7240 6616 Watching for file changes with StatReloader
INFO 2026-02-20 19:11:08,819 autoreload 9100 7984 Watching for file changes with StatReloader
INFO 2026-02-20 19:11:12,603 log 7240 4432 "GET /apartment/A1/ HTTP/1.1" 200 5026
WARNING 2026-02-20 19:11:12,655 log 7240 4432 Not Found: /.well-known/appspecific/com.chrome.devtools.json
WARNING 2026-02-20 19:11:12,656 log 7240 4432 "GET /.well-known/appspecific/com.chrome.devtools.json HTTP/1.1" 404 3434
INFO 2026-02-20 19:11:14,913 log 7240 4432 "GET /apartment/A1/transactions/ HTTP/1.1" 200 347
INFO 2026-02-20 19:11:16,621 log 7240 4432 "GET /apartment/A1/transactions/ HTTP/1.1" 200 347
INFO 2026-02-20 19:11:16,892 log 7240 4432 "GET /apartment/A1/transactions/ HTTP/1.1" 200 347
INFO 2026-02-20 19:11:30,197 autoreload 6928 7456 Watching for file changes with StatReloader
INFO 2026-02-20 19:11:35,556 log 7240 4432 "GET /apartment/A1/ HTTP/1.1" 200 5026
INFO 2026-02-20 19:11:35,621 log 7240 4432 "GET /static/css/output.css HTTP/1.1" 304 0
WARNING 2026-02-20 19:11:35,650 log 7240 4432 Not Found: /.well-known/appspecific/com.chrome.devtools.json
WARNING 2026-02-20 19:11:35,651 log 7240 4432 "GET /.well-known/appspecific/com.chrome.devtools.json HTTP/1.1" 404 3434
INFO 2026-02-20 19:11:37,809 log 7240 4432 "GET /apartment/A1/transactions/ HTTP/1.1" 200 347
INFO 2026-02-20 19:12:00,969 log 7240 4432 "GET /apartment/A1/ HTTP/1.1" 200 5026
WARNING 2026-02-20 19:12:01,048 log 7240 4432 Not Found: /.well-known/appspecific/com.chrome.devtools.json
WARNING 2026-02-20 19:12:01,050 log 7240 4432 "GET /.well-known/appspecific/com.chrome.devtools.json HTTP/1.1" 404 3434
INFO 2026-02-20 19:12:02,274 log 7240 4432 "GET /apartment/A1/ HTTP/1.1" 200 5026
WARNING 2026-02-20 19:12:02,340 log 7240 4432 Not Found: /.well-known/appspecific/com.chrome.devtools.json
WARNING 2026-02-20 19:12:02,342 log 7240 4432 "GET /.well-known/appspecific/com.chrome.devtools.json HTTP/1.1" 404 3434
INFO 2026-02-20 19:12:02,907 log 7240 4432 "GET /apartment/A1/ HTTP/1.1" 200 5026
WARNING 2026-02-20 19:12:02,985 log 7240 4432 Not Found: /.well-known/appspecific/com.chrome.devtools.json
WARNING 2026-02-20 19:12:02,989 log 7240 4432 "GET /.well-known/appspecific/com.chrome.devtools.json HTTP/1.1" 404 3434
INFO 2026-02-20 19:13:10,795 autoreload 12116 256 Watching for file changes with StatReloader
INFO 2026-02-20 19:13:16,175 log 7240 4432 "GET /apartment/A1/ HTTP/1.1" 200 5026
INFO 2026-02-20 19:13:16,234 log 7240 4432 "GET /static/css/output.css HTTP/1.1" 304 0
WARNING 2026-02-20 19:13:16,253 log 7240 4432 Not Found: /.well-known/appspecific/com.chrome.devtools.json
WARNING 2026-02-20 19:13:16,254 log 7240 4432 "GET /.well-known/appspecific/com.chrome.devtools.json HTTP/1.1" 404 3434
INFO 2026-02-20 19:13:17,301 log 7240 4432 "GET /apartment/A1/ HTTP/1.1" 200 5026
WARNING 2026-02-20 19:13:17,363 log 7240 4432 Not Found: /.well-known/appspecific/com.chrome.devtools.json
WARNING 2026-02-20 19:13:17,365 log 7240 4432 "GET /.well-known/appspecific/com.chrome.devtools.json HTTP/1.1" 404 3434
INFO 2026-02-20 19:13:17,749 log 7240 4432 "GET /apartment/A1/ HTTP/1.1" 200 5026
WARNING 2026-02-20 19:13:17,808 log 7240 4432 Not Found: /.well-known/appspecific/com.chrome.devtools.json
WARNING 2026-02-20 19:13:17,809 log 7240 4432 "GET /.well-known/appspecific/com.chrome.devtools.json HTTP/1.1" 404 3434
INFO 2026-02-20 19:13:19,784 log 7240 4432 "GET /apartment/A1/transactions/ HTTP/1.1" 200 347
INFO 2026-02-20 19:13:45,736 autoreload 7240 6616 C:\Users\USER\Desktop\veresiye\veresiye\main\views.py changed, reloading.
INFO 2026-02-20 19:13:45,735 autoreload 12116 256 C:\Users\USER\Desktop\veresiye\veresiye\main\views.py changed, reloading.
INFO 2026-02-20 19:13:46,747 autoreload 2684 11884 Watching for file changes with StatReloader
INFO 2026-02-20 19:14:24,730 autoreload 6844 11832 Watching for file changes with StatReloader
INFO 2026-02-20 19:14:55,525 log 6844 10700 "GET /apartment/A1/ HTTP/1.1" 200 5026
INFO 2026-02-20 19:14:55,525 log 6844 10600 "GET /apartment/A1/transactions/ HTTP/1.1" 200 347
WARNING 2026-02-20 19:14:55,781 log 6844 10600 Not Found: /.well-known/appspecific/com.chrome.devtools.json
WARNING 2026-02-20 19:14:55,782 log 6844 10600 "GET /.well-known/appspecific/com.chrome.devtools.json HTTP/1.1" 404 3434
INFO 2026-02-20 19:15:46,491 log 6844 10600 "GET /apartment/A1/ HTTP/1.1" 200 5026
INFO 2026-02-20 19:15:46,555 log 6844 10600 "GET /static/css/output.css HTTP/1.1" 304 0
WARNING 2026-02-20 19:15:46,580 log 6844 10600 Not Found: /.well-known/appspecific/com.chrome.devtools.json
WARNING 2026-02-20 19:15:46,587 log 6844 10600 "GET /.well-known/appspecific/com.chrome.devtools.json HTTP/1.1" 404 3434
INFO 2026-02-20 19:15:48,183 log 6844 10600 "GET /apartment/A1/ HTTP/1.1" 200 5026
WARNING 2026-02-20 19:15:48,254 log 6844 10600 Not Found: /.well-known/appspecific/com.chrome.devtools.json
WARNING 2026-02-20 19:15:48,255 log 6844 10600 "GET /.well-known/appspecific/com.chrome.devtools.json HTTP/1.1" 404 3434
INFO 2026-02-20 19:15:48,706 log 6844 10600 "GET /apartment/A1/ HTTP/1.1" 200 5026
WARNING 2026-02-20 19:15:48,781 log 6844 10600 Not Found: /.well-known/appspecific/com.chrome.devtools.json
WARNING 2026-02-20 19:15:48,782 log 6844 10600 "GET /.well-known/appspecific/com.chrome.devtools.json HTTP/1.1" 404 3434
INFO 2026-02-20 19:16:07,582 autoreload 6884 1080 Watching for file changes with StatReloader
INFO 2026-02-20 19:16:11,158 log 6844 10600 "GET /apartment/A1/ HTTP/1.1" 200 5026
WARNING 2026-02-20 19:16:11,237 log 6844 10600 Not Found: /.well-known/appspecific/com.chrome.devtools.json
WARNING 2026-02-20 19:16:11,238 log 6844 10600 "GET /.well-known/appspecific/com.chrome.devtools.json HTTP/1.1" 404 3434
INFO 2026-02-20 19:16:32,597 log 6844 10600 "GET / HTTP/1.1" 200 76733
INFO 2026-02-20 19:16:35,077 log 6844 10600 "GET /apartment/A1/ HTTP/1.1" 200 5026
INFO 2026-02-20 19:16:51,779 autoreload 6844 11832 C:\Users\USER\Desktop\veresiye\veresiye\main\views.py changed, reloading.
INFO 2026-02-20 19:16:51,813 autoreload 6884 1080 C:\Users\USER\Desktop\veresiye\veresiye\main\views.py changed, reloading.
INFO 2026-02-20 19:16:54,235 autoreload 6892 10552 Watching for file changes with StatReloader
INFO 2026-02-20 19:16:54,265 autoreload 6016 1412 Watching for file changes with StatReloader
INFO 2026-02-20 19:17:01,415 log 6892 6816 "GET /apartment/A1/ HTTP/1.1" 200 5026
INFO 2026-02-20 19:17:10,534 log 6892 6816 "GET / HTTP/1.1" 200 76733
INFO 2026-02-20 19:17:13,722 log 6892 6816 "GET /apartment/A1/ HTTP/1.1" 200 5026
INFO 2026-02-20 19:17:18,567 autoreload 6892 10552 C:\Users\USER\Desktop\veresiye\veresiye\main\views.py changed, reloading.
INFO 2026-02-20 19:17:18,778 autoreload 6016 1412 C:\Users\USER\Desktop\veresiye\veresiye\main\views.py changed, reloading.
INFO 2026-02-20 19:17:21,001 autoreload 8960 7304 Watching for file changes with StatReloader
INFO 2026-02-20 19:17:21,006 autoreload 12196 10880 Watching for file changes with StatReloader
INFO 2026-02-20 19:17:25,682 log 12196 5920 "GET /apartment/A1/ HTTP/1.1" 200 5026
INFO 2026-02-20 19:17:31,710 log 12196 5920 "GET /apartment/A1/transactions/ HTTP/1.1" 200 347
INFO 2026-02-20 19:18:01,750 autoreload 6984 11208 Watching for file changes with StatReloader
INFO 2026-02-20 19:18:06,245 log 6984 11364 "GET /apartment/A1/ HTTP/1.1" 200 5026
INFO 2026-02-20 19:18:06,276 log 6984 11364 "GET /static/css/output.css HTTP/1.1" 304 0
INFO 2026-02-20 19:18:52,548 autoreload 6984 11208 C:\Users\USER\Desktop\veresiye\veresiye\main\views.py changed, reloading.
INFO 2026-02-20 19:18:53,454 autoreload 6032 5440 Watching for file changes with StatReloader
INFO 2026-02-20 19:18:54,918 log 6032 5896 "GET /apartment/A1/ HTTP/1.1" 200 5026
INFO 2026-02-20 19:19:01,563 autoreload 6032 5440 C:\Users\USER\Desktop\veresiye\veresiye\main\views.py changed, reloading.
INFO 2026-02-20 19:19:02,431 autoreload 10412 7364 Watching for file changes with StatReloader
INFO 2026-02-20 19:19:07,998 log 10412 12172 "GET /apartment/A1/ HTTP/1.1" 200 5026
INFO 2026-02-20 19:19:09,437 log 10412 12172 "GET /apartment/A1/transactions/ HTTP/1.1" 200 347
INFO 2026-02-20 19:20:07,836 log 10412 12172 "GET /apartment/A1/ HTTP/1.1" 200 4117
INFO 2026-02-20 19:20:09,840 log 10412 12172 "GET /apartment/A1/transactions/ HTTP/1.1" 200 1256
INFO 2026-02-20 19:20:45,727 autoreload 10412 7364 C:\Users\USER\Desktop\veresiye\veresiye\main\views.py changed, reloading.
INFO 2026-02-20 19:20:46,773 autoreload 12168 236 Watching for file changes with StatReloader
ERROR 2026-02-20 19:20:49,200 log 12168 10904 Internal Server Error: /apartment/A1/
Traceback (most recent call last):
  File "C:\Users\USER\Desktop\veresiye\my_env\Lib\site-packages\django\core\handlers\exception.py", line 55, in inner
    response = get_response(request)
  File "C:\Users\USER\Desktop\veresiye\my_env\Lib\site-packages\django\core\handlers\base.py", line 198, in _get_response
    response = wrapped_callback(request, *callback_args, **callback_kwargs)
  File "C:\Users\USER\Desktop\veresiye\veresiye\main\views.py", line 31, in apartment_detail
    apartment.total_debt = apartment.total_debt()
                           ~~~~~~~~~~~~~~~~~~~~^^
  File "C:\Users\USER\Desktop\veresiye\veresiye\main\models.py", line 14, in total_debt
    total_debt = self.transactions.filter(is_debt=True).aggregate(models.Sum('amount'))['amount__sum'] or 0
                 ^^^^^^^^^^^^^^^^^
AttributeError: 'Apartment' object has no attribute 'transactions'. Did you mean: 'transaction_set'?
ERROR 2026-02-20 19:20:49,204 log 12168 10904 "GET /apartment/A1/ HTTP/1.1" 500 76069
INFO 2026-02-20 19:22:17,619 autoreload 12168 236 C:\Users\USER\Desktop\veresiye\veresiye\main\models.py changed, reloading.
INFO 2026-02-20 19:22:18,983 autoreload 12136 7140 Watching for file changes with StatReloader
INFO 2026-02-20 19:22:23,028 log 12136 11504 "GET /apartment/A1/ HTTP/1.1" 200 5026
INFO 2026-02-20 19:22:23,061 log 12136 11504 "GET /static/css/output.css HTTP/1.1" 304 0
INFO 2026-02-20 19:22:25,374 log 12136 11504 "GET /apartment/A1/transactions/ HTTP/1.1" 200 1256
INFO 2026-02-20 19:22:25,997 log 12136 11504 "GET /apartment/A1/transactions/ HTTP/1.1" 200 1256
INFO 2026-02-20 19:22:26,296 log 12136 11504 "GET /apartment/A1/transactions/ HTTP/1.1" 200 1256
INFO 2026-02-20 19:22:39,921 log 12136 11504 "POST /admin/main/transaction/ HTTP/1.1" 200 8746
INFO 2026-02-20 19:22:39,962 log 12136 11504 "GET /static/admin/css/base.css HTTP/1.1" 304 0
INFO 2026-02-20 19:22:39,969 log 12136 8916 "GET /static/admin/js/theme.js HTTP/1.1" 304 0
INFO 2026-02-20 19:22:39,969 log 12136 11504 "GET /static/admin/css/dark_mode.css HTTP/1.1" 304 0
INFO 2026-02-20 19:22:39,976 log 12136 11504 "GET /static/admin/js/core.js HTTP/1.1" 304 0
INFO 2026-02-20 19:22:39,977 log 12136 8916 "GET /static/admin/js/admin/RelatedObjectLookups.js HTTP/1.1" 304 0
INFO 2026-02-20 19:22:39,980 log 12136 3024 "GET /static/admin/css/nav_sidebar.css HTTP/1.1" 304 0
INFO 2026-02-20 19:22:39,986 log 12136 11504 "GET /static/admin/js/actions.js HTTP/1.1" 304 0
INFO 2026-02-20 19:22:39,987 log 12136 8916 "GET /static/admin/js/urlify.js HTTP/1.1" 304 0
INFO 2026-02-20 19:22:39,988 log 12136 248 "GET /static/admin/css/responsive.css HTTP/1.1" 304 0
INFO 2026-02-20 19:22:39,997 log 12136 11504 "GET /static/admin/js/vendor/xregexp/xregexp.js HTTP/1.1" 304 0
INFO 2026-02-20 19:22:39,997 log 12136 3024 "GET /static/admin/js/prepopulate.js HTTP/1.1" 304 0
INFO 2026-02-20 19:22:39,998 log 12136 5896 "GET /static/admin/js/jquery.init.js HTTP/1.1" 304 0
INFO 2026-02-20 19:22:40,014 log 12136 6032 "GET /static/admin/js/vendor/jquery/jquery.js HTTP/1.1" 304 0
INFO 2026-02-20 19:22:40,065 log 12136 6032 "GET /static/admin/js/nav_sidebar.js HTTP/1.1" 304 0
INFO 2026-02-20 19:22:40,085 log 12136 6032 "GET /static/admin/img/icon-addlink.svg HTTP/1.1" 304 0
INFO 2026-02-20 19:22:40,150 log 12136 5896 "GET /static/admin/js/cancel.js HTTP/1.1" 200 884
INFO 2026-02-20 19:22:41,519 log 12136 5896 "POST /admin/main/transaction/ HTTP/1.1" 302 0
INFO 2026-02-20 19:22:41,566 log 12136 5896 "GET /admin/main/transaction/ HTTP/1.1" 200 10926
INFO 2026-02-20 19:22:41,607 log 12136 5896 "GET /static/admin/css/changelists.css HTTP/1.1" 304 0
INFO 2026-02-20 19:22:41,614 log 12136 5896 "GET /static/admin/js/filters.js HTTP/1.1" 304 0
INFO 2026-02-20 19:22:41,614 log 12136 6032 "GET /admin/jsi18n/ HTTP/1.1" 200 3342
INFO 2026-02-20 19:22:41,641 log 12136 6032 "GET /static/admin/img/icon-yes.svg HTTP/1.1" 304 0
INFO 2026-02-20 19:22:41,641 log 12136 5896 "GET /static/admin/img/tooltag-add.svg HTTP/1.1" 304 0
INFO 2026-02-20 19:22:45,027 log 12136 6032 "GET /apartment/A1/transactions/ HTTP/1.1" 200 1032
INFO 2026-02-20 19:25:09,889 log 12136 7096 "GET /apartment/A1/ HTTP/1.1" 200 4820
INFO 2026-02-20 19:25:09,925 log 12136 7096 "GET /static/css/output.css HTTP/1.1" 304 0
INFO 2026-02-20 19:25:10,702 log 12136 7096 "GET /apartment/A1/ HTTP/1.1" 200 4820
INFO 2026-02-20 19:25:10,941 log 12136 7096 "GET /apartment/A1/ HTTP/1.1" 200 4820
INFO 2026-02-20 19:25:11,189 log 12136 7096 "GET /apartment/A1/ HTTP/1.1" 200 4820
INFO 2026-02-20 19:41:19,452 autoreload 12136 7140 C:\Users\USER\Desktop\veresiye\veresiye\main\views.py changed, reloading.
INFO 2026-02-20 19:41:20,444 autoreload 2596 3968 Watching for file changes with StatReloader
INFO 2026-02-20 19:41:43,242 autoreload 2596 3968 C:\Users\USER\Desktop\veresiye\veresiye\main\views.py changed, reloading.
INFO 2026-02-20 19:41:44,269 autoreload 7028 9264 Watching for file changes with StatReloader
INFO 2026-02-20 19:41:54,490 autoreload 7028 9264 C:\Users\USER\Desktop\veresiye\veresiye\main\views.py changed, reloading.
INFO 2026-02-20 19:41:55,753 autoreload 2392 6112 Watching for file changes with StatReloader
INFO 2026-02-20 19:42:00,382 log 2392 9180 "GET /apartment/A1/ HTTP/1.1" 200 4820
INFO 2026-02-20 19:42:00,425 log 2392 9180 "GET /static/css/output.css HTTP/1.1" 304 0
INFO 2026-02-20 19:42:03,352 log 2392 9180 "GET /apartment/A1/transactions/ HTTP/1.1" 200 0
INFO 2026-02-20 19:42:04,385 log 2392 9180 "GET /apartment/A1/transactions/ HTTP/1.1" 200 0
INFO 2026-02-20 19:42:04,621 log 2392 9180 "GET /apartment/A1/transactions/ HTTP/1.1" 200 0
INFO 2026-02-20 19:42:04,812 log 2392 9180 "GET /apartment/A1/transactions/ HTTP/1.1" 200 0
WARNING 2026-02-20 19:42:41,576 log 2392 9180 Not Found: /.well-known/appspecific/com.chrome.devtools.json
WARNING 2026-02-20 19:42:41,577 log 2392 9180 "GET /.well-known/appspecific/com.chrome.devtools.json HTTP/1.1" 404 3434
INFO 2026-02-20 19:42:44,749 log 2392 9180 "GET /apartment/A1/ HTTP/1.1" 200 4820
WARNING 2026-02-20 19:42:44,868 log 2392 9180 Not Found: /.well-known/appspecific/com.chrome.devtools.json
WARNING 2026-02-20 19:42:44,869 log 2392 9180 "GET /.well-known/appspecific/com.chrome.devtools.json HTTP/1.1" 404 3434
INFO 2026-02-20 19:42:47,287 log 2392 9180 "GET /apartment/A1/transactions/ HTTP/1.1" 200 0
INFO 2026-02-20 19:44:37,585 log 2392 9180 "GET /apartment/A1/ HTTP/1.1" 200 4836
WARNING 2026-02-20 19:44:37,668 log 2392 9180 Not Found: /.well-known/appspecific/com.chrome.devtools.json
WARNING 2026-02-20 19:44:37,669 log 2392 9180 "GET /.well-known/appspecific/com.chrome.devtools.json HTTP/1.1" 404 3434
INFO 2026-02-20 19:44:39,818 log 2392 9180 "GET /apartment/A1/transactions/ HTTP/1.1" 200 1445
INFO 2026-02-20 19:44:40,907 log 2392 9180 "GET /apartment/A1/transactions/ HTTP/1.1" 200 1445
INFO 2026-02-20 19:45:08,163 log 2392 9180 "GET /admin/main/transaction/add/ HTTP/1.1" 200 19551
INFO 2026-02-20 19:45:08,201 log 2392 2188 "GET /static/admin/css/dark_mode.css HTTP/1.1" 304 0
INFO 2026-02-20 19:45:08,201 log 2392 9180 "GET /static/admin/css/base.css HTTP/1.1" 304 0
INFO 2026-02-20 19:45:08,215 log 2392 11156 "GET /static/admin/css/forms.css HTTP/1.1" 304 0
INFO 2026-02-20 19:45:08,215 log 2392 3760 "GET /static/admin/css/nav_sidebar.css HTTP/1.1" 304 0
INFO 2026-02-20 19:45:08,215 log 2392 2188 "GET /static/admin/js/jquery.init.js HTTP/1.1" 304 0
INFO 2026-02-20 19:45:08,215 log 2392 10628 "GET /static/admin/js/theme.js HTTP/1.1" 304 0
INFO 2026-02-20 19:45:08,216 log 2392 9180 "GET /static/admin/js/vendor/jquery/jquery.js HTTP/1.1" 304 0
INFO 2026-02-20 19:45:08,223 log 2392 732 "GET /admin/jsi18n/ HTTP/1.1" 200 3342
INFO 2026-02-20 19:45:08,223 log 2392 11156 "GET /static/admin/css/responsive.css HTTP/1.1" 304 0
INFO 2026-02-20 19:45:08,228 log 2392 3760 "GET /static/admin/js/actions.js HTTP/1.1" 304 0
INFO 2026-02-20 19:45:08,228 log 2392 2188 "GET /static/admin/js/admin/RelatedObjectLookups.js HTTP/1.1" 304 0
INFO 2026-02-20 19:45:08,230 log 2392 10628 "GET /static/admin/js/core.js HTTP/1.1" 304 0
INFO 2026-02-20 19:45:08,237 log 2392 9180 "GET /static/admin/js/urlify.js HTTP/1.1" 304 0
INFO 2026-02-20 19:45:08,245 log 2392 2188 "GET /static/admin/js/vendor/xregexp/xregexp.js HTTP/1.1" 304 0
INFO 2026-02-20 19:45:08,244 log 2392 11156 "GET /static/admin/js/prepopulate.js HTTP/1.1" 304 0
INFO 2026-02-20 19:45:08,261 log 2392 732 "GET /static/admin/css/widgets.css HTTP/1.1" 304 0
INFO 2026-02-20 19:45:08,262 log 2392 2188 "GET /static/admin/js/prepopulate_init.js HTTP/1.1" 304 0
INFO 2026-02-20 19:45:08,268 log 2392 2188 "GET /static/admin/js/nav_sidebar.js HTTP/1.1" 304 0
INFO 2026-02-20 19:45:08,268 log 2392 732 "GET /static/admin/img/icon-changelink.svg HTTP/1.1" 304 0
INFO 2026-02-20 19:45:08,290 log 2392 732 "GET /static/admin/img/icon-addlink.svg HTTP/1.1" 304 0
INFO 2026-02-20 19:45:08,291 log 2392 2188 "GET /static/admin/img/icon-viewlink.svg HTTP/1.1" 304 0
INFO 2026-02-20 19:45:08,293 log 2392 9180 "GET /static/admin/js/change_form.js HTTP/1.1" 304 0
INFO 2026-02-20 19:45:08,293 log 2392 11156 "GET /static/admin/img/icon-deletelink.svg HTTP/1.1" 304 0
INFO 2026-02-20 19:45:19,993 log 2392 9180 "POST /admin/main/transaction/add/ HTTP/1.1" 302 0
INFO 2026-02-20 19:45:20,035 log 2392 9180 "GET /admin/main/transaction/ HTTP/1.1" 200 11288
INFO 2026-02-20 19:45:20,081 log 2392 9180 "GET /static/admin/css/changelists.css HTTP/1.1" 304 0
INFO 2026-02-20 19:45:20,089 log 2392 11156 "GET /admin/jsi18n/ HTTP/1.1" 200 3342
INFO 2026-02-20 19:45:20,090 log 2392 9180 "GET /static/admin/js/filters.js HTTP/1.1" 304 0
INFO 2026-02-20 19:45:20,114 log 2392 11156 "GET /static/admin/img/icon-yes.svg HTTP/1.1" 304 0
INFO 2026-02-20 19:45:20,114 log 2392 9180 "GET /static/admin/img/tooltag-add.svg HTTP/1.1" 304 0
INFO 2026-02-20 19:45:28,508 log 2392 9180 "GET /apartment/A1/transactions/ HTTP/1.1" 200 1615
INFO 2026-02-20 19:46:40,381 log 2392 9180 "GET /apartment/A1/transactions/ HTTP/1.1" 200 1615
INFO 2026-02-20 19:47:11,182 log 2392 9180 "GET /apartment/A1/ HTTP/1.1" 200 5088
INFO 2026-02-20 19:47:11,217 log 2392 9180 "GET /static/css/output.css HTTP/1.1" 304 0
INFO 2026-02-20 19:47:20,681 log 2392 9180 "GET /apartment/A1/ HTTP/1.1" 200 5086
INFO 2026-02-20 19:47:24,046 log 2392 9180 "GET /apartment/A1/transactions/ HTTP/1.1" 200 1615
INFO 2026-02-20 23:34:54,496 autoreload 12092 2876 Watching for file changes with StatReloader
